,chi_2_1,chi_2_2,name,q_fitted,q_true,s_fitted,s_true,u0_fitted,u0_true
0,-24274.205603,-21409.5882357,cassan_0_32_462.det.lc.gz,8.65403949693e-07,1.52487e-05,0.909822979893,0.912534,0.187593491233,0.18988
1,-31622.7956355,-22902.5501146,cassan_0_35_3024.det.lc.gz,3.46489917923e-05,0.000843656,1.27514952895,1.27743,0.0241964243431,0.0249029
2,-19935.5947945,-19886.0799544,cassan_0_45_2005.det.lc.gz,9.13507389455e-07,0.000745882,1.03253238926,1.02817,0.0586684167975,0.0668254
3,-27203.6882711,-19729.0909773,cassan_0_56_2386.det.lc.gz,2.52020506035e-06,0.000310643,1.000727224,1.856,0.00105473747368,0.00103104
4,-19570.9592922,-19467.4466402,cassan_0_87_479.det.lc.gz,6.19705876437e-07,2.06513e-06,0.999153801417,1.07492,0.00105989097073,0.00122273
5,-21844.8446121,-20200.0353424,cassan_0_87_852.det.lc.gz,2.65350244104e-06,0.000105162,1.04269438233,1.05865,0.0670148051534,0.0668612
6,-24081.7544863,-23786.600243,cassan_10_112_3102.det.lc.gz,7.63456065092e-09,0.000201233,1.0770725454,0.924599,0.147422034028,0.151113
7,-19119.985089,-19071.659474,cassan_10_123_1709.det.lc.gz,3.19644808112e-06,0.000147826,0.989992352767,2.63906,0.00945723195805,0.00945246
8,-19414.8041159,-19334.9900848,cassan_10_124_2350.det.lc.gz,3.40475324181e-06,6.18088e-05,0.994795399608,0.440212,0.00255382226175,0.00262856
9,-20226.4626799,-19352.5980865,cassan_10_126_2434.det.lc.gz,2.21303476595e-06,7.59216e-05,0.984571270318,1.04012,0.0278031411316,0.0279737
10,-21418.2125883,-20392.0583708,cassan_10_140_526.det.lc.gz,0.000391358874774,0.00120191,1.11038117375,1.10326,0.20400129226,0.206578
11,-56479.1174642,-20368.733523,cassan_10_46_1981.det.lc.gz,0.000245711359676,0.0145902,1.15864690831,1.4805,0.295446029,0.300528
12,-29315.4394135,-22499.2961629,cassan_10_48_2836.det.lc.gz,3.76684670982e-06,0.000137073,0.984310437911,1.01115,0.0275142321097,0.0288422
13,-28802.755015,-21630.4728162,cassan_10_50_658.det.lc.gz,1.1236355487e-05,0.0129419,1.48937443597,1.2661,0.554873748077,0.391824
14,-22670.6880943,-19991.5550751,cassan_10_5_925.det.lc.gz,3.21110622424e-07,2.10744e-05,0.989449670274,0.965734,0.0206233681726,0.020138
15,-21222.6514513,-19425.8686709,cassan_10_97_2076.det.lc.gz,0.000134025415046,0.000137659,1.91087394904,0.523888,0.65519486344,0.653319
16,-21889.4488752,-19804.9598576,cassan_11_109_3018.det.lc.gz,2.37934368099e-06,0.00072724,1.0014709022,2.75054,0.00286931045333,0.00261819
17,-19241.3848333,-19106.3180439,cassan_11_10_358.det.lc.gz,1.30863811121e-07,5.04501e-06,0.927340843506,0.931437,0.0919127801935,0.0888247
18,-25120.5502442,-22348.7658908,cassan_11_20_1717.det.lc.gz,5.06974909946e-07,0.000154506,1.06320608707,0.945228,0.0751149014335,0.0789946
19,-23212.6839251,-21047.2874519,cassan_11_49_1488.det.lc.gz,3.20310828549e-06,0.00429925,1.91203166617,1.45951,1.37841938157,0.60908
20,-21680.8723717,-19909.1064807,cassan_11_57_2746.det.lc.gz,9.23823283602e-07,7.62786e-06,0.983541550387,0.99514,0.0139365922274,0.0157329
21,-19385.9960285,-19274.4502607,cassan_11_74_1053.det.lc.gz,3.95808224504e-07,3.74831e-05,0.994001193872,0.906083,0.0119977143297,0.0120975
22,-19389.6862837,-19157.5123038,cassan_11_96_1347.det.lc.gz,0.00132994721272,0.00260645,1.05034067155,1.61934,0.0459469880354,0.0446582
23,-21086.9467411,-20625.3598293,cassan_11_96_3057.det.lc.gz,4.20126577797e-06,4.88901e-05,0.914466358417,0.92488,0.17802091558,0.165424
24,-20505.9536414,-19821.3796903,cassan_12_113_2002.det.lc.gz,0.000262821223475,0.0003711,1.36985835948,1.21461,0.49726273121,0.274769
25,-28677.3424603,-20908.9371673,cassan_12_151_2395.det.lc.gz,1.38876994563e-06,0.000162395,0.99778993332,0.18857,0.00441750150784,0.00789464
26,-19583.223548,-19022.3215323,cassan_12_22_452.det.lc.gz,2.00998979618e-05,4.39392e-05,2.51051952293,1.61447,1.83993533787,0.788271
27,-23844.4903256,-20638.3728974,cassan_12_74_2408.det.lc.gz,1.22090780741e-05,0.000236952,0.952101859719,0.980826,0.098148830854,0.100449
28,-20365.9468413,-19791.1882275,cassan_12_75_1792.det.lc.gz,7.68531247327e-07,1.22435e-05,1.00356281622,0.885293,0.0016525288486,0.00244743
29,-23864.0640764,-20793.2033876,cassan_12_75_2339.det.lc.gz,8.21911088194e-05,0.000909828,1.02616872284,1.05566,0.0499215131149,0.047042
30,-27658.3409173,-25346.1934511,cassan_12_76_1629.det.lc.gz,2.51030916861e-06,0.0288007,1.04015883265,1.33192,0.07539676028,0.0485297
31,-24517.3636325,-22714.2905715,cassan_12_8_2736.det.lc.gz,4.07551163019e-05,8.07132e-05,0.864726888455,0.871726,0.218782271982,0.204028
32,-22291.4039922,-20700.7268861,cassan_12_97_2188.det.lc.gz,5.51440700429e-06,0.000105485,1.11622983371,0.89811,0.131404615471,0.130228
33,-35559.37937,-20825.6122933,cassan_13_112_1219.det.lc.gz,4.04119176108e-05,4.88784e-05,1.07315070098,1.08757,0.0484427026606,0.0493589
34,-44477.8467951,-24649.3167812,cassan_13_20_1471.det.lc.gz,7.15824599964e-05,0.000584144,1.98898556587,1.68222,1.02292941185,0.78139
35,-20106.3381081,-19113.3957716,cassan_13_22_1590.det.lc.gz,1.79897034596e-05,0.000156925,0.958110772226,0.91854,0.0798114342306,0.0816033
36,-24199.7090656,-22034.6425688,cassan_13_24_2337.det.lc.gz,0.000244826153961,0.0041907,1.06103316574,1.12323,0.113656716856,0.132855
37,-19507.5173567,-19372.4420762,cassan_13_31_828.det.lc.gz,6.56182359771e-06,0.000246633,0.893824872838,0.869368,0.210620477336,0.209248
38,-27384.4370824,-20159.0356003,cassan_13_33_1565.det.lc.gz,2.4974529508e-05,0.000182152,2.49150640521,2.4016,0.293300005213,0.270749
39,-19911.4447624,-19199.3068417,cassan_13_34_231.det.lc.gz,0.0177594898385,0.0147235,1.27676241273,2.088,0.389112917093,0.365867
40,-20094.1220067,-19857.5857093,cassan_13_46_1640.det.lc.gz,4.03958026943e-11,0.00218292,1.01483781756,0.693393,0.0291184580194,0.0357217
41,-29840.8312027,-22215.657439,cassan_13_61_241.det.lc.gz,3.96671582364e-05,0.00505112,1.15485215215,1.4206,0.271295653176,0.737775
42,-61344.3706795,-21520.2958244,cassan_14_109_785.det.lc.gz,0.000281190634941,0.00521186,1.01890300726,0.601776,0.0374552859708,0.0236966
43,-21117.9096003,-19941.5806133,cassan_14_114_250.det.lc.gz,1.05038317096e-05,0.000401359,0.956747146805,0.945792,0.0696090270872,0.0642303
44,-118402.855076,-25672.9849811,cassan_14_33_1102.det.lc.gz,4.82839730832e-06,0.00414032,1.35760322541,1.29265,0.599668341059,0.370725
45,-19064.860806,-19014.0377587,cassan_14_48_2694.det.lc.gz,1.69264376521e-05,2.04551e-05,0.937363950611,1.00003,0.100076641163,0.100425
46,-20441.1931714,-20154.6729303,cassan_14_4_89.det.lc.gz,246.833634276,0.00214171,6.54080246786,2.10635,0.000524915255393,1.54124
47,-24981.2151215,-19904.387661,cassan_14_84_2169.det.lc.gz,9.40991076436e-06,3.05097e-05,1.06242527223,1.09739,0.0564542482589,0.0558654
48,-51022.9119948,-20224.5030582,cassan_15_150_267.det.lc.gz,7.97587560273e-12,0.00334759,1.00602596559,0.613674,0.0114021743197,0.0102943
49,-20491.0635564,-19712.9515247,cassan_15_6_1465.det.lc.gz,5.09553962795e-08,2.4413e-05,1.01981993991,1.05999,0.0352086645971,0.0350402
50,-22861.7299991,-19918.6641512,cassan_15_74_2843.det.lc.gz,0.00747959350683,1.10936e-05,0.399765402798,2.95658,2.06072952229,1.51312
51,-24545.4116374,-19568.4435442,cassan_15_99_2017.det.lc.gz,2.43631757427e-06,0.00198674,1.22637240796,1.12348,0.410921516017,0.352109
52,-19610.4004994,-19287.0315503,cassan_16_111_574.det.lc.gz,5.17203791355e-07,7.7752e-06,1.09025539754,1.08386,0.144941368137,0.143162
53,-19330.8874184,-19233.9528558,cassan_16_115_2.det.lc.gz,1.04555306089e-08,0.00809456,1.00166753485,5.53001,0.00322828277444,0.00452507
54,-29684.6103714,-19564.0938136,cassan_16_61_2392.det.lc.gz,1.85992780934e-06,2.20088e-05,0.96482320058,1.1238,0.00247320106742,0.00255382
55,-21199.1432456,-19654.6835413,cassan_17_21_1100.det.lc.gz,2.6888453719e-06,3.87441e-05,1.3418333491,1.2854,0.582948830166,0.499037
56,-55347.7199774,-23469.678445,cassan_17_56_1800.det.lc.gz,2.07831334524e-06,9.7903e-05,1.04980461552,1.01315,0.0762563028654,0.0714251
57,-19952.5508098,-19234.4335487,cassan_17_6_244.det.lc.gz,1.39221656696e-07,0.00631659,0.999067545725,0.132784,0.000998481873689,0.00199628
58,-20927.9004579,-19759.5899936,cassan_17_84_292.det.lc.gz,1.30157112126e-06,3.22732e-05,0.975590833138,0.960973,0.0338813154344,0.0299989
59,-19579.7706948,-19243.2275745,cassan_17_88_1560.det.lc.gz,1.06356763411e-06,7.40223e-07,1.00112260552,0.47214,0.00224331459243,0.00254416
60,-19174.6894641,-19113.2442519,cassan_17_88_1562.det.lc.gz,2.89846368967e-10,2.74488e-05,1.01072170974,0.951578,0.021029171412,0.0210092
61,-21073.8973367,-19451.4589736,cassan_17_98_101.det.lc.gz,5.16818935809e-05,1.09181e-05,2.02510912584,2.40851,1.35752612707,1.81534
62,-28061.8439084,-21296.5054984,cassan_18_100_3207.det.lc.gz,1.98937342005e-06,0.000251766,1.4744810759,1.21464,0.7547931943,0.34269
63,-19904.7722965,-19279.8871086,cassan_18_110_2472.det.lc.gz,4.58234835814e-05,6.99872e-05,1.01767613979,0.783221,0.0221082854385,0.0220063
64,-19337.3583298,-19212.3674156,cassan_18_114_1579.det.lc.gz,5.61445429212e-06,6.03453e-05,1.00938774124,1.10271,0.0179368942586,0.0181385
65,-24867.555892,-21250.7749963,cassan_18_20_1777.det.lc.gz,5.97893799056e-05,0.000545637,2.00050008767,2.13789,0.296118458033,0.349801
66,-19166.354036,-19131.1707488,cassan_18_69_605.det.lc.gz,1.15019542632e-07,4.21157e-05,1.00058749362,0.434695,0.000597253408858,0.0006001
67,-20695.970091,-19952.8298726,cassan_18_70_1880.det.lc.gz,2.07961749456e-05,9.18082e-05,1.11850755276,1.10229,0.116973357042,0.108725
68,-19256.0396984,-19207.9429697,cassan_18_86_2774.det.lc.gz,1.33706980282e-06,3.30484e-05,1.00176415187,2.38668,0.00328741128007,0.0033043
69,-29436.6601888,-23033.1526738,cassan_19_102_2635.det.lc.gz,0.000746420281467,0.0121018,0.980160433362,1.16847,0.0391960911042,0.0547555
70,-53229.5512184,-23890.6806397,cassan_19_114_126.det.lc.gz,3.7727640976e-06,0.014998,1.02994926733,1.42226,0.0589424318239,0.191692
71,-19459.7277198,-19224.047866,cassan_19_85_1561.det.lc.gz,4.75485606096e-06,7.86764e-05,1.54934955369,0.647187,0.756680796802,0.747329
72,-23186.8386079,-22262.376985,cassan_19_85_2276.det.lc.gz,1.146511651e-05,0.000123235,0.989544958921,1.03405,0.00438126949232,0.00398612
73,-30895.5568529,-23720.3915705,cassan_1_112_2792.det.lc.gz,1.4947628286e-06,0.00187003,0.998285527602,0.519118,0.00343129962523,0.0040344
74,-36768.3373538,-21850.0073573,cassan_1_113_185.det.lc.gz,4.23116546419e-08,0.000209815,1.59410763386,1.66409,0.92830018027,1.03239
75,-23378.8324883,-19251.4112835,cassan_1_35_926.det.lc.gz,2.07210749313e-06,6.94459e-06,1.6585923514,1.66492,0.288386928207,0.289226
76,-22428.3907393,-19506.9820525,cassan_1_61_899.det.lc.gz,3.57963980726e-06,0.000901148,1.58044229214,1.47397,0.93313189239,0.753807
77,-21728.2467864,-20798.6773161,cassan_1_99_1439.det.lc.gz,6.55436034378e-06,0.00108158,1.10485499609,1.09353,0.0226518402693,0.0252081
78,-21540.0329644,-20439.3006584,cassan_20_10_1123.det.lc.gz,2.9711472974e-06,3.13318e-05,0.966505885132,0.972025,0.0621661521836,0.055015
79,-29328.3407762,-23390.3689232,cassan_20_110_1602.det.lc.gz,1.92105167254e-06,0.000181937,1.00317301381,0.886225,0.00533368881125,0.0054388
80,-23494.7531492,-20372.6450189,cassan_20_111_2436.det.lc.gz,1.06013007649e-05,0.000108788,1.39851664417,1.35094,0.615117843621,0.542325
81,-19795.1159959,-19634.3568986,cassan_20_113_3268.det.lc.gz,3.48619850512e-10,0.0125865,1.02433546868,1.11846,0.0438142862262,0.315706
82,-67677.4966318,-24892.777236,cassan_20_36_2679.det.lc.gz,0.000105905283475,0.00034927,1.58227243638,1.42837,0.884273416576,0.670491
83,-20020.7233478,-19515.8646767,cassan_20_71_559.det.lc.gz,0.000208921344499,0.000340825,0.883607118507,0.899953,0.178942572726,0.144792
84,-19695.485348,-19586.1628674,cassan_20_72_956.det.lc.gz,0.953100756271,1.76014e-05,2.3977851101,5.84932,1.97878030985,2.2281
85,-21265.4541907,-20686.9830426,cassan_20_74_2416.det.lc.gz,7.84554746591e-05,0.00430746,1.0307117419,4.69743,0.00102596604355,1.9745
86,-33802.8824813,-21828.2203708,cassan_21_125_1629.det.lc.gz,5.06211621788e-06,0.000214798,1.26876816585,1.26216,0.204211557157,0.180928
87,-21935.6305888,-19472.6237381,cassan_21_22_723.det.lc.gz,6.18473532125e-07,6.22843e-06,0.925807366185,0.928536,0.146094422664,0.147675
88,-19544.138739,-19516.5989099,cassan_21_45_957.det.lc.gz,2.12098502165e-06,0.0084349,1.0034266072,0.144386,0.00295187562576,0.00408661
89,-19471.0666757,-19387.2032498,cassan_21_89_511.det.lc.gz,7.55842810139e-08,0.00027139,0.983401997567,1.07353,0.033053849557,0.0391091
90,-20936.5064063,-20118.0440215,cassan_21_97_3116.det.lc.gz,6.50082548591e-09,0.000105545,1.73785109683,1.80706,0.624643197477,0.67748
91,-27263.6714267,-21682.8689467,cassan_21_99_1671.det.lc.gz,5.64522387019e-08,0.000361582,1.00905431692,1.0992,0.0170209493676,0.0192053
92,-20411.7172444,-19894.018464,cassan_22_112_118.det.lc.gz,2.59556087243e-06,0.000347908,1.22017305613,0.693861,0.399682336636,0.747019
93,-19255.1283813,-19167.1840656,cassan_22_114_3084.det.lc.gz,6.13027845597e-06,8.47132e-06,0.975014506222,0.995968,0.0485180632653,0.0485905
94,-20048.0660602,-19885.8110397,cassan_22_126_558.det.lc.gz,5.94960200549e-07,0.00226241,0.995736365901,0.505816,0.00827571128262,0.00563622
95,-22518.0944207,-21293.3357619,cassan_22_136_937.det.lc.gz,4.5904834287e-07,0.000483035,0.970233803678,0.965121,0.0512184521817,0.0463825
96,-77442.5170146,-19275.7781228,cassan_22_18_979.det.lc.gz,1.7660378871e-06,0.00039482,0.998456152991,1.01113,0.00302567827064,0.00495136
97,-31867.4067374,-19888.180757,cassan_22_30_1992.det.lc.gz,6.23353435472e-06,9.49916e-05,0.966796408852,0.91141,0.0629080407269,0.0638666
98,-21155.8507903,-20438.2744761,cassan_22_31_1485.det.lc.gz,0.000229531243771,0.000898094,1.24763791887,1.21549,0.280142987708,0.237138
99,-20754.5467785,-19773.8043034,cassan_22_34_2370.det.lc.gz,4.06998605244e-06,0.00011999,1.11983259238,1.15417,0.124537028109,0.155172
100,-20354.7217674,-19456.2056307,cassan_22_43_14.det.lc.gz,1.51919583204e-06,4.39375e-05,0.971183907373,0.955464,0.0529783932013,0.054868
101,-19501.5003506,-19255.6635903,cassan_22_4_1119.det.lc.gz,2.25497431051e-09,7.65896e-05,0.997634930297,1.3282,0.00393948081017,0.00387794
102,-19898.0365466,-19417.7338678,cassan_22_57_2660.det.lc.gz,0.00491996968795,0.00133237,0.447052248869,0.478179,1.53470905694,1.38461
103,-54406.7784083,-21908.2327921,cassan_22_69_1923.det.lc.gz,2.9428971488e-06,0.00033533,1.01118303263,1.10109,0.0218036594053,0.0206176
104,-19434.3955266,-19398.5509254,cassan_22_83_3080.det.lc.gz,4.73454380675e-06,2.08734e-07,0.986676487249,15.4401,0.0194045232179,0.0194691
105,-100940.888451,-24979.6484045,cassan_22_84_62.det.lc.gz,2.42015041388e-05,0.000574517,0.981838284,0.949539,0.0318833161511,0.0333281
106,-20687.8069271,-19586.3389809,cassan_23_138_2564.det.lc.gz,6.24833471054e-07,0.000240493,0.995169146985,1.11708,0.00518708040811,0.00619733
107,-20066.0760294,-19333.0767629,cassan_23_33_1999.det.lc.gz,1.39205246502e-05,0.000927832,2.16521768298,1.39558,1.53777716853,0.59026
108,-19851.9185393,-19557.3948025,cassan_23_61_736.det.lc.gz,5.75384696695e-07,0.000153314,1.00119394763,1.63313,0.00168809036164,0.00170463
109,-23121.1425432,-19636.6591434,cassan_24_101_3247.det.lc.gz,1.56766114666e-08,0.000544697,0.996108964787,0.960714,0.00755835356973,0.0103564
110,-22063.1296006,-20999.95686,cassan_24_112_2017.det.lc.gz,5008.44522728,0.000357967,37.0470786219,1.9767,0.418124075962,1.28575
111,-19765.7398993,-19596.9493476,cassan_24_123_597.det.lc.gz,2.5020661296e-13,1.2877e-05,1.00133477168,0.858576,0.0021407447983,0.00213093
112,-19462.1656678,-19323.3458134,cassan_24_140_2840.det.lc.gz,2.0657052893e-07,5.22302e-05,1.01003273518,0.996513,0.0130876115465,0.0132941
113,-20548.3928358,-19970.922821,cassan_24_17_1751.det.lc.gz,7.08065464838e-06,0.00032701,0.996126821169,0.56671,0.00320563104216,0.00334758
114,-19266.1108047,-19182.7113471,cassan_24_18_1379.det.lc.gz,0.000899426539623,0.00505683,1.34672839332,1.48008,0.592543882167,0.468907
115,-19551.8857479,-19349.1659871,cassan_24_44_30.det.lc.gz,1.48312313416e-07,1.91352e-05,0.939185410861,0.951672,0.123156529434,0.124308
116,-21302.0033013,-20273.9614288,cassan_24_47_3083.det.lc.gz,2.46864718626e-06,0.000111826,1.00452254423,0.798922,0.00705819495376,0.00971353
117,-70810.5125378,-22377.9205826,cassan_24_59_1799.det.lc.gz,1.01109706692e-07,0.000769305,1.13817849022,1.74917,0.209441789005,1.08186
118,-23244.2285524,-21425.5369028,cassan_24_87_145.det.lc.gz,2.94336547292e-06,7.31393e-05,1.18701221694,0.858825,0.304269301955,0.264659
119,-23642.3162765,-20873.3092136,cassan_24_98_274.det.lc.gz,2.71070654511e-05,0.00112236,1.34845745676,1.57795,0.563149266078,0.88494
120,-21136.3831061,-19200.0986331,cassan_25_115_420.det.lc.gz,1.00723913891e-05,0.000770447,1.03655822022,1.13592,0.0701882728873,0.0648426
121,-20590.4737277,-19731.4195505,cassan_25_151_1787.det.lc.gz,0.000224799152778,7.68727e-05,1.42192094851,1.41171,0.189904285127,0.190861
122,-23373.9900804,-22074.5804934,cassan_25_32_2270.det.lc.gz,3.27827600244e-11,0.000463956,1.13318858589,0.895704,0.145166459152,0.138961
123,-20088.802604,-19747.7693781,cassan_25_8_2626.det.lc.gz,1.43113047607e-07,4.65702e-06,0.944848389208,0.953198,0.10992184162,0.0942106
124,-24217.5487128,-21857.7202474,cassan_26_125_1907.det.lc.gz,8.71210493122e-06,6.13699e-05,0.963702255648,0.959359,0.0451646339932,0.0308758
125,-21477.8891068,-19576.1567828,cassan_26_136_1436.det.lc.gz,3.05968827551e-10,0.00023867,1.0044403895,1.2719,0.00633100320103,0.00418031
126,-22197.3426203,-20406.5587915,cassan_26_19_968.det.lc.gz,2.06368013663e-06,0.00015532,1.00925718894,1.13301,0.00465793233564,0.00461233
127,-20113.1219206,-19054.8136094,cassan_26_21_511.det.lc.gz,3.03490883028e-07,3.28717e-06,1.0007806338,0.133503,0.00156063625977,0.00183249
128,-19109.677196,-19036.5877924,cassan_26_33_377.det.lc.gz,3.27995760449e-05,0.00023521,1.13326406779,1.06687,0.245348411956,0.249461
129,-22389.1039495,-20442.8677517,cassan_27_115_1501.det.lc.gz,0.000269870191016,0.000697111,1.26442404554,1.24904,0.424569069368,0.399621
130,-24612.650586,-19588.5735806,cassan_27_37_1831.det.lc.gz,0.000374625232955,0.000611181,1.41805606107,1.28146,0.631271161893,0.433966
131,-20518.441297,-19679.8910125,cassan_27_43_2061.det.lc.gz,6.38782064412e-06,0.000861054,1.0310530782,0.835494,0.0515119173641,0.0503924
132,-25415.8844663,-19438.1166976,cassan_27_46_2653.det.lc.gz,6.69051865185e-06,3.89646e-05,1.31436324232,1.30314,0.488653192961,0.491553
133,-23422.8209404,-20222.9720751,cassan_27_7_118.det.lc.gz,6.32856432561e-07,0.000629477,0.99434081258,0.794027,0.0112915589785,0.0105933
134,-24738.6579585,-20085.807994,cassan_27_7_3102.det.lc.gz,5.87059759059e-06,0.000149847,0.973291086959,0.999584,0.0510012581096,0.0535521
135,-20057.229581,-19451.8531044,cassan_28_100_2226.det.lc.gz,3.67341052384e-08,4.89015e-05,0.999260304134,0.714784,0.000427246332145,0.000452399
136,-19661.2246841,-19584.2258699,cassan_28_125_1573.det.lc.gz,9.66077838854e-08,0.000164281,0.998619452855,0.514145,0.00107298883808,0.00113797
137,-29831.1449331,-19257.5550919,cassan_28_30_2019.det.lc.gz,8.91010269439e-07,3.43668e-06,1.91784342171,1.73212,1.34055985263,1.10213
138,-22294.0546813,-20427.3430467,cassan_28_70_2107.det.lc.gz,6.74976597326e-10,0.00038101,0.998072614137,1.42338,0.00384434434142,0.00304502
139,-20951.4083569,-19633.6381984,cassan_28_82_1088.det.lc.gz,1.86153192555e-06,3.39656e-05,1.00681170498,1.06008,0.0135770107135,0.0134414
140,-20247.6917622,-19689.62337,cassan_28_83_1935.det.lc.gz,1.66314530468e-08,0.000391212,1.12272617446,0.921596,0.230208315711,0.169317
141,-151276.921532,-22749.4835004,cassan_28_83_2197.det.lc.gz,2.72830067192e-05,0.00056445,0.997627816913,0.805197,0.0029860088082,0.00395072
142,-20645.7234373,-20219.553807,cassan_28_83_2859.det.lc.gz,1.4364496611e-11,0.00353199,1.52453924235,1.88648,0.24976337684,0.429835
143,-140088.696225,-22992.8571347,cassan_28_84_3096.det.lc.gz,2.32867381446e-06,0.000745239,1.10894187644,1.07599,0.14108124865,0.158056
144,-27093.4305509,-22989.0924121,cassan_28_84_601.det.lc.gz,0.00033010864379,0.000448879,0.974733328047,6.91304,0.0461247080852,2.70577
145,-20182.100069,-19977.7129161,cassan_28_99_392.det.lc.gz,0.000319604194833,0.000685059,0.986989165102,2.54515,0.0081090629667,1.9375
146,-21823.1989917,-19366.146883,cassan_29_101_659.det.lc.gz,2.28156825549e-06,1.32022e-05,2.29208378756,2.27711,1.54857447306,1.51175
147,-61840.1877581,-20849.453726,cassan_29_124_487.det.lc.gz,4.57324187912e-07,8.28958e-05,0.998538135585,0.917677,0.0020762182291,0.00233459
148,-24551.5860501,-20258.0778607,cassan_29_127_2628.det.lc.gz,1.11430236885e-05,0.000129805,1.26334497532,1.24257,0.469098751358,0.427365
149,-25751.7165113,-24111.8292291,cassan_29_136_426.det.lc.gz,1.8013205843e-06,0.0185956,1.54909315311,1.2003,0.692237951453,0.258242
150,-19823.286087,-19156.5330843,cassan_29_30_3065.det.lc.gz,2.67179283261e-07,8.30942e-05,0.996888294306,0.792577,0.00579482260477,0.00579536
151,-28876.6608189,-19731.3450546,cassan_29_56_2187.det.lc.gz,1.10524542137e-06,0.00114835,0.999128409491,0.422048,0.00172469594793,0.00172985
152,-19745.7237271,-19286.6969519,cassan_29_6_1827.det.lc.gz,4.60406197759e-06,5.26758e-06,0.988831253942,0.998316,0.0143889268065,0.0144471
153,-19689.2735246,-19337.4967469,cassan_29_75_2505.det.lc.gz,7.04625430511e-05,0.000695695,2.24373283405,1.48056,1.56175300547,0.588701
154,-25309.4481346,-23112.0206449,cassan_29_87_2521.det.lc.gz,6.06829857601e-06,1.82335e-05,0.940954225501,0.940227,0.066141394047,0.0682476
155,-131509.405176,-22306.0958869,cassan_29_89_2428.det.lc.gz,2.98228427502e-05,0.00412414,1.00997204972,1.34039,0.0114093387001,0.0113477
156,-27650.9845639,-24411.3377238,cassan_29_8_582.det.lc.gz,1.47519612203e-06,7.06689e-05,0.989478910931,0.995709,0.0206705978392,0.014811
157,-24061.0091856,-21739.398943,cassan_2_126_2318.det.lc.gz,6.62784237309e-06,1.37971e-05,0.970129900084,0.970188,0.0418575796891,0.0418936
158,-24855.892204,-21773.4032058,cassan_2_21_1136.det.lc.gz,4.24886631408e-06,1.17284e-05,0.997952929191,0.996817,0.00250051891574,0.00273514
159,-24428.47952,-20826.4239514,cassan_2_37_2633.det.lc.gz,2.64924527789e-08,0.000189013,1.00617082993,0.888249,0.00640054693622,0.000906229
160,-36327.7470623,-22621.175163,cassan_2_57_567.det.lc.gz,3.84300282705e-05,4.10071e-05,0.865309510347,0.885894,0.148801031946,0.152831
161,-31111.2795529,-23481.1233094,cassan_2_62_3173.det.lc.gz,1.22047680095e-06,6.43108e-05,0.998409284074,0.994572,0.00300846242096,0.00334704
162,-22863.3844317,-21051.4148675,cassan_30_102_650.det.lc.gz,0.000369748870332,0.000893978,1.18410203148,1.17883,0.150102891849,0.149888
163,-268817.25684,-24071.5641574,cassan_30_21_2931.det.lc.gz,621873.138383,1.21255e-05,2122.12816448,3.02289,0.165055054318,1.03528
164,-19373.0757532,-19109.7140657,cassan_30_35_2949.det.lc.gz,0.00039882604616,0.000150978,0.908401442514,1.08119,0.157465278005,0.157776
165,-19556.3503898,-19183.3297433,cassan_30_37_3285.det.lc.gz,2.80484700166e-06,0.000493402,1.01869324242,0.830793,0.0370434501694,0.0371869
166,-25585.7875953,-21951.1736349,cassan_30_6_866.det.lc.gz,1.78188845848e-05,0.000142686,0.856852745231,0.833524,0.292345543304,0.331214
167,-41600.773157,-20397.6573743,cassan_30_76_2727.det.lc.gz,2.80705003776e-06,1.12033e-05,2.62841644453,1.98362,2.2087137877,1.44346
168,-21279.8890503,-20009.9771733,cassan_30_87_19.det.lc.gz,4.98103374663e-08,2.07772e-05,0.996027679914,1.04825,0.00744402387719,0.00721765
169,-21201.6252677,-19627.5340946,cassan_31_34_1424.det.lc.gz,9.53645169511e-06,0.000203224,1.54206439903,1.55106,0.858461862352,0.89277
170,-20959.9247911,-20555.4051446,cassan_31_34_2988.det.lc.gz,2.47664412974e-07,0.000335241,1.06339368313,1.07442,0.0912902324659,0.071664
171,-22452.7027734,-21510.5267286,cassan_31_35_1943.det.lc.gz,2.29882791969e-05,0.000261807,0.998639390598,1.0711,0.0024010011921,0.00275874
172,-19930.5509091,-19617.5485002,cassan_31_49_1552.det.lc.gz,3.51474631468e-07,4.32269e-05,1.00077113422,1.06848,0.00128777756791,0.00169408
173,-22573.6182501,-19972.8651462,cassan_31_56_1725.det.lc.gz,4.065925059e-07,7.7374e-05,1.00189894838,0.736157,0.00185208047964,0.00149775
174,-20449.6347761,-19478.0108846,cassan_31_69_2178.det.lc.gz,3.92494127619e-06,0.000114948,1.15055760075,1.1301,0.248573293108,0.232101
175,-20848.0795564,-19774.9102981,cassan_31_71_735.det.lc.gz,2.9682190296e-05,0.000290794,0.997609727596,1.84552,0.00477883002935,0.00548655
176,-24098.5107704,-22573.1303362,cassan_31_73_3120.det.lc.gz,1.4863794997e-06,8.77701e-05,1.12559019214,0.878633,0.227263056738,0.247471
177,-29635.7421785,-20218.4529091,cassan_31_86_2319.det.lc.gz,1.07960146576e-05,2.63034e-05,1.12793670941,1.13004,0.187914735851,0.189075
178,-36381.0130626,-19906.3548525,cassan_31_9_2901.det.lc.gz,1.13339420271e-05,0.00116023,1.25379418174,1.17907,0.42571504304,0.392986
179,-25052.0817622,-23839.01592,cassan_32_137_2389.det.lc.gz,2.30640359235e-09,0.000491531,1.00522533057,0.860881,0.0101155724363,0.00885826
180,-24339.1579304,-21837.3760321,cassan_3_109_2115.det.lc.gz,3.06683572706e-11,4.16944e-05,0.999169658805,0.839313,0.0015816446149,0.00143838
181,-36600.3299393,-24113.8998388,cassan_3_112_1719.det.lc.gz,1.4186814454e-06,0.00879196,1.06543975729,1.04336,0.10305323242,0.128064
182,-20761.8963173,-19587.1102965,cassan_3_114_2107.det.lc.gz,3.0208741596e-06,1.23245e-05,0.892010872484,0.895294,0.180994383217,0.179697
183,-19542.6484987,-19450.5091887,cassan_3_123_3256.det.lc.gz,4.02490637131e-05,8.31454e-06,1.12112019272,1.10648,0.00874337371594,0.00878119
184,-24472.3519825,-23601.7297098,cassan_32_6_909.det.lc.gz,5.35258008657e-09,0.0016818,1.04017923039,3.86718,0.0435237029336,0.782108
185,-19285.10993,-19187.7493902,cassan_32_72_3321.det.lc.gz,6.83870139553e-15,1.76147e-05,0.998469013711,1.25652,0.00165004322359,0.00169176
186,-31445.3691902,-23694.4750861,cassan_32_82_1088.det.lc.gz,2.5982676483e-05,3.27694e-05,0.730025265604,0.742598,0.553692776471,0.516776
187,-20534.0838506,-19730.7058893,cassan_32_97_394.det.lc.gz,5.06466711248e-06,6.69641e-06,0.820229018884,0.82666,0.242417412954,0.232031
188,-19302.8554352,-19239.7870896,cassan_33_151_3245.det.lc.gz,1.2605612049e-07,0.000861645,1.00672214624,1.6289,0.0133940685901,0.0140848
189,-19775.5245042,-19351.5165636,cassan_33_5_685.det.lc.gz,3.24180580749e-06,3.01437e-05,1.08253563878,1.078,0.0978081484875,0.100159
190,-22304.7174932,-21281.5524514,cassan_33_87_253.det.lc.gz,1.15462510431e-08,0.00154062,1.0038094364,2.00452,0.00362984314207,0.00313765
191,-19884.5217434,-19609.5730144,cassan_33_9_2525.det.lc.gz,6.63158238169e-07,6.16735e-06,0.943305010022,0.946735,0.115743463215,0.108424
192,-19998.9833026,-19871.3302115,cassan_34_100_2710.det.lc.gz,3.41637258685e-08,2.30766e-05,1.00628438034,1.01585,0.0113876088325,0.0111458
193,-21899.4525794,-21756.7896539,cassan_34_19_966.det.lc.gz,0.257894240106,0.00250714,0.420937034412,2.31619,1.57796837265,1.03481
194,-23476.0804383,-22565.6225552,cassan_34_22_2654.det.lc.gz,6.06308549592e-06,0.0338332,1.04137770416,1.2472,0.0437412746192,0.0958875
195,-19631.0450466,-19402.2393505,cassan_34_44_1457.det.lc.gz,4.12224072675e-07,4.99385e-05,1.00932673403,1.22136,0.0136514020749,0.0136634
196,-27476.9017356,-20488.4845419,cassan_34_46_2018.det.lc.gz,1.83709801648e-05,0.00215071,1.33838021819,1.27072,0.590948120826,0.537452
197,-57377.7879748,-24202.1992963,cassan_34_59_35.det.lc.gz,2.44241785532e-06,0.000905086,1.06866950723,0.974159,0.0787172920367,0.061806
198,-19431.546767,-19397.2581219,cassan_34_87_654.det.lc.gz,7.51920599251e-06,0.000113432,1.00153163084,0.547286,0.00297047577672,0.00260282
199,-21557.0456419,-19881.2240019,cassan_35_101_1039.det.lc.gz,0.00021450694279,0.00215558,1.32937381662,1.51183,0.317221657774,0.549127
200,-20580.3786467,-20187.4031713,cassan_35_126_409.det.lc.gz,1.74212335993e-07,0.00779593,1.0333460869,0.970278,0.0653903888578,0.140555
201,-20952.2287778,-19863.7793903,cassan_35_33_1778.det.lc.gz,6.49222300949e-05,0.000348432,1.21048388409,1.25792,0.25821799425,0.328571
202,-26324.0533206,-20838.1348074,cassan_35_44_1861.det.lc.gz,0.0892688886233,0.0419055,1.82046028489,1.64355,0.416883183634,0.496787
203,-28413.8887924,-25361.6174231,cassan_35_45_568.det.lc.gz,7.59467268995e-05,0.0998873,1.27673573412,1.20102,0.366986378219,0.39942
204,-19264.723175,-19238.0159,cassan_35_60_1634.det.lc.gz,5.44098452788e-06,5.54665e-06,0.997562600076,0.687638,0.00313789967328,0.00316823
205,-19565.8217767,-19258.1879793,cassan_35_62_1180.det.lc.gz,1.57996196894e-07,5.13207e-05,0.997833146567,0.794568,0.00392182694844,0.00399327
206,-26658.5104576,-24180.7859199,cassan_35_73_2303.det.lc.gz,0.0388252041524,7.29058e-05,1.26236460684,3.31467,0.0960740749609,2.54942
207,-19302.1165813,-19203.6231948,cassan_36_111_710.det.lc.gz,2.00738566326e-14,0.000155979,1.01504381511,1.09346,4.58514551897e-08,0.0218714
208,-19589.7850935,-19415.8464362,cassan_36_112_36.det.lc.gz,4.5041680834e-07,1.66851e-07,1.00081794462,1.16487,0.00163485033475,0.00183356
209,-19686.8302323,-19585.7057579,cassan_36_123_2487.det.lc.gz,2.71609827553e-09,0.000795011,0.995061407155,0.512224,0.00910617222837,0.00858825
210,-19664.5230337,-19455.7243155,cassan_36_137_2667.det.lc.gz,1.3936712355e-09,1.40932e-05,0.966209272599,0.969132,0.0488253234384,0.0500768
211,-36023.5665819,-20806.4495244,cassan_36_57_228.det.lc.gz,1.45143057992e-06,8.95762e-05,1.07632721909,1.06222,0.142919094057,0.140859
212,-23237.1899889,-20606.0612288,cassan_36_63_955.det.lc.gz,4.54734970829e-05,0.000774994,0.972184891272,0.925548,0.0522361150475,0.0591241
213,-20742.5787088,-19848.0800341,cassan_36_70_2453.det.lc.gz,1.18061254803e-05,0.000931552,1.0056762148,0.601127,0.0108472429133,0.00953722
214,-21772.9656616,-20655.2791322,cassan_36_88_95.det.lc.gz,7.70587899449e-07,1.45349e-05,1.03813995428,0.970907,0.0625912918988,0.0626142
215,-21747.7857969,-19973.6315352,cassan_37_138_1916.det.lc.gz,1.97245611311e-05,0.000176119,1.25166592177,1.24828,0.314002579861,0.30039
216,-19639.8462956,-19291.4769588,cassan_37_59_1590.det.lc.gz,6.49288537101e-05,0.00308971,0.991941885044,3.96628,0.0138731682825,0.0135516
217,-20813.6532956,-20483.4589961,cassan_38_111_1850.det.lc.gz,1.74859007378e-13,8.40484e-06,0.981457219481,0.988089,0.0293177143792,0.0294288
218,-25591.1899883,-23155.9830167,cassan_38_150_645.det.lc.gz,1.69573287817e-06,1.81065e-05,0.953180454062,0.964776,0.0828241719865,0.0662146
219,-31276.9250449,-25427.6204592,cassan_38_21_3118.det.lc.gz,5.22543833168e-06,0.00311162,1.05004876576,1.02001,0.0434147554214,0.04738
220,-27223.652267,-24064.1819721,cassan_38_23_979.det.lc.gz,5.32755222842e-05,0.012221,0.997005583353,0.263113,0.00500365169283,0.00913203
221,-19384.3614383,-19220.876238,cassan_38_44_2254.det.lc.gz,0.0031321948208,0.00332204,0.980188226709,1.47114,2.45440966764e-07,0.00848651
222,-24617.3750257,-19907.7878322,cassan_38_4_668.det.lc.gz,0.0249538658378,4.67083e-05,0.635758509729,1.9567,0.928443750283,1.34535
223,-23056.0837334,-20164.3910611,cassan_38_59_918.det.lc.gz,7.40814163793e-06,7.38273e-05,1.33859421885,1.302,0.414506881388,0.363804
224,-21018.3449828,-20048.5843209,cassan_38_89_2806.det.lc.gz,2.59149329089e-08,1.50899e-05,1.00186520143,0.910677,0.00346794404135,0.00345933
225,-19527.5102815,-19172.2107872,cassan_39_10_266.det.lc.gz,3.80567639219e-05,7.76254e-05,1.06871306677,1.0655,0.0844623816529,0.0868403
226,-45485.1858089,-24012.7114982,cassan_39_150_1331.det.lc.gz,5.25195356561e-06,0.025206,1.04488683672,0.55999,0.0814593034632,0.0531165
227,-21216.3399422,-20723.490724,cassan_39_22_1724.det.lc.gz,0.000141969252196,0.000346854,0.912253122886,0.958974,0.17756578558,0.0688326
228,-25362.215012,-19900.1306646,cassan_39_32_779.det.lc.gz,7.86762091211e-07,2.07392e-05,0.957576220488,0.968505,0.0849636382642,0.0866162
229,-20341.774836,-19614.4166887,cassan_39_47_2998.det.lc.gz,0.00332718162547,0.00173287,0.690901774398,0.729744,0.602702669523,0.358105
230,-19788.7793712,-19456.3735546,cassan_39_47_3117.det.lc.gz,7.44193506974e-07,2.45461e-06,0.986293809394,0.992192,0.0264159469375,0.0264555
231,-20142.4096854,-19844.109036,cassan_39_70_2862.det.lc.gz,1.93519972297e-08,0.00272228,1.01485945111,0.557909,0.0257159342815,0.0275434
232,-19904.8806031,-19711.2669399,cassan_39_72_1191.det.lc.gz,1.64615802247e-06,8.89053e-05,1.00230694365,1.36516,0.00152971596129,0.00162041
233,-19715.2637419,-19329.4238562,cassan_39_7_3070.det.lc.gz,1.52537460566e-05,1.01888e-05,2.19095849965,1.67163,1.4376284267,0.827708
234,-19410.2152905,-19256.7872946,cassan_3_32_1106.det.lc.gz,5.37757652363e-06,4.61518e-06,0.830883861893,0.833817,0.348724601348,0.347222
235,-19347.6002694,-19306.8723601,cassan_3_35_1704.det.lc.gz,0.00010491480497,5.92961e-05,0.974045480507,0.675714,0.0524805482926,0.0525271
236,-22102.3132894,-19586.5567672,cassan_3_36_2788.det.lc.gz,4.74263149648e-06,6.6246e-05,0.972031244834,0.991341,0.0381137401801,0.0378456
237,-19427.6398525,-19174.9990711,cassan_3_43_2628.det.lc.gz,1.12800229652e-07,7.58625e-05,1.64824010548,1.42786,1.03937219211,0.711129
238,-20315.4059245,-20076.1774823,cassan_3_48_2704.det.lc.gz,3.28683557612e-13,0.0025854,1.01063635433,1.40824,2.15912974666e-08,0.694627
239,-20726.329736,-19978.3228208,cassan_3_48_3198.det.lc.gz,4.62683579187e-14,0.000798177,1.00279155218,1.09153,0.00292633952223,0.00318325
240,-56702.0007783,-22886.8385722,cassan_3_59_2031.det.lc.gz,7.14457495293e-07,6.98207e-06,1.42781442362,1.33748,0.495816431901,0.356832
241,-19347.7828153,-19313.3700545,cassan_3_89_1446.det.lc.gz,5.99657786239e-08,0.000336935,1.00123273982,0.391955,0.00196142411119,0.00212377
242,-19426.8266322,-19062.5131555,cassan_3_89_1791.det.lc.gz,4.14863474141e-06,7.96888e-05,1.5405417551,1.83982,0.310829515434,0.563205
243,-38218.2703509,-21168.0158983,cassan_3_96_2789.det.lc.gz,2.26723713224e-06,3.79845e-05,0.953554701647,0.965713,0.0923623235765,0.0943599
244,-19543.5047189,-19145.5137672,cassan_3_9_1677.det.lc.gz,1.48891624673e-05,3.4311e-05,1.00465161208,1.8466,0.00925279436383,0.00947499
245,-29982.7232879,-23428.4507984,cassan_40_109_2208.det.lc.gz,1.47317392088e-05,0.000228434,1.03593169827,1.05032,0.0696866612923,0.0687336
246,-27253.7859548,-19972.5126793,cassan_40_136_914.det.lc.gz,1.86919098411e-05,2.67782e-05,1.14159572835,1.13936,0.257717548694,0.2529
247,-25386.467854,-23765.0963529,cassan_40_138_614.det.lc.gz,8.99565007087e-06,4.74684e-05,0.912634334126,0.909472,0.174426547291,0.180704
248,-33916.7242401,-21241.9129878,cassan_40_20_1313.det.lc.gz,3.61155200287e-07,2.34671e-05,1.62851559518,1.63828,0.0681554913899,0.0692552
249,-19960.6718342,-19700.2008936,cassan_40_35_3049.det.lc.gz,4.47045547215e-06,4.57299e-05,1.03866342826,0.967655,0.0741881663377,0.0748728
250,-19372.2529564,-19276.6052888,cassan_40_49_1225.det.lc.gz,4.56230011509e-06,0.000162221,0.995225168287,0.617151,0.00622943142575,0.00650525
251,-36703.2550208,-25863.9417968,cassan_40_57_511.det.lc.gz,3.78300891588e-05,0.000371789,1.00239022171,0.562003,0.00477467743066,0.00316644
252,-33311.797583,-21056.8222924,cassan_40_70_2796.det.lc.gz,1.32410585125e-06,4.80465e-05,1.03076654846,1.04435,0.05804430937,0.0568255
253,-19148.3948975,-19104.869173,cassan_40_83_910.det.lc.gz,4.04003173115e-05,0.000435417,2.4036626135,2.26993,1.59650972627,1.38382
254,-29439.6934071,-20349.2478646,cassan_40_89_2921.det.lc.gz,3.41359459079e-06,2.54158e-05,1.00210735216,0.71204,0.00421015995278,0.0047518
255,-25400.8437032,-19938.2004331,cassan_41_10_395.det.lc.gz,3.47824774549e-07,1.47596e-05,0.98130155776,0.99116,0.0374376837781,0.0382504
256,-27174.1577033,-25727.1996949,cassan_41_115_2051.det.lc.gz,1.6029571918e-07,0.0272319,1.01849113307,1.19082,0.0299721227567,0.455644
257,-26184.5536915,-19937.8060973,cassan_41_126_586.det.lc.gz,3.69503652731e-06,0.000469149,0.996580016204,1.30303,0.00658979060523,0.00702506
258,-22832.0335792,-19959.4745969,cassan_41_137_1271.det.lc.gz,3.27430324856e-05,0.00261499,1.74546207196,1.43134,1.06258781655,0.602664
259,-29561.8506138,-22254.4976022,cassan_41_34_81.det.lc.gz,1.65621838019e-05,0.000225045,0.964989770716,0.934759,0.0525294105918,0.0517684
260,-40956.8778769,-24484.7935782,cassan_41_44_1315.det.lc.gz,6.14850029021e-05,0.000571523,1.01869922042,0.660207,0.0237243483706,0.0226146
261,-22563.4672282,-21154.2248411,cassan_41_56_2269.det.lc.gz,1.00040108451e-08,0.000134176,1.245815795,0.811891,0.373577459154,0.346726
262,-24178.8838764,-21117.1962664,cassan_41_87_1914.det.lc.gz,56672.703832,6.24738e-05,63.2133727496,2.40303,0.209144812107,1.98761
263,-19192.3972143,-19116.5989091,cassan_41_8_2606.det.lc.gz,3.34945661032e-06,2.7449e-05,1.00228854894,0.472398,0.00454737049133,0.00457084
264,-19834.3457854,-19348.258036,cassan_42_124_3107.det.lc.gz,1.23484536761e-05,0.000113439,0.997538773788,1.60233,0.00203655312926,0.00214183
265,-21853.4989207,-20099.0751696,cassan_42_47_2428.det.lc.gz,1.65108848162e-05,0.000256256,0.950975659741,0.94167,0.0951576086625,0.0810081
266,-38716.203138,-19763.4177025,cassan_42_69_1839.det.lc.gz,1.32686910672e-05,0.00160777,1.01030971551,1.64015,0.0181188069919,0.017967
267,-39643.1662303,-21650.947562,cassan_42_84_440.det.lc.gz,2.29712245751e-06,2.81251e-05,0.974426789024,0.965956,0.0297408313846,0.0291982
268,-20170.3272373,-19752.1809138,cassan_42_8_606.det.lc.gz,8.63892766251e-07,0.000121852,1.01928909976,3.40948,0.00526160101078,1.67826
269,-51553.1692042,-20900.6162136,cassan_42_97_3255.det.lc.gz,2.66019975639e-06,0.000315498,1.0060830817,1.06952,0.0115694669442,0.0110618
270,-19785.9347622,-19526.9179825,cassan_43_101_1757.det.lc.gz,3.48519125468e-07,9.71587e-06,0.981762061921,1.03177,0.0249781874436,0.0250937
271,-22381.4839104,-19776.8657254,cassan_43_102_1096.det.lc.gz,2.69357905934e-06,0.00158938,0.998362612867,0.555337,0.00308119444368,0.00272888
272,-21204.2279853,-20606.8577435,cassan_43_114_581.det.lc.gz,0.000746389117709,0.00139419,1.11268938815,2.36009,0.14114144499,1.93815
273,-19185.2356658,-19155.0433691,cassan_43_46_2902.det.lc.gz,0.0001410385034,6.66574e-05,0.815148721481,0.788208,0.196357923984,0.196368
274,-20716.5055055,-19465.9901665,cassan_43_49_917.det.lc.gz,4.8719627458e-05,0.00105312,0.998559299965,0.601595,0.00248192010589,0.0028342
275,-20831.963351,-19741.441823,cassan_43_76_1064.det.lc.gz,5.52709560108e-06,0.000149444,1.0260042967,1.04488,0.0498828575602,0.052662
276,-20994.3001056,-19385.1449357,cassan_43_7_2910.det.lc.gz,2.33425364102e-08,4.04962e-07,3.23583989611,3.99704,2.28063725971,2.88728
277,-19483.6547689,-19233.4251378,cassan_44_109_1108.det.lc.gz,3.58783274641e-05,0.000171792,0.997038583522,0.633701,0.00293943797166,0.00300622
278,-20203.094794,-19588.7248008,cassan_44_114_2488.det.lc.gz,0.000399350081281,0.0129527,1.43858293206,1.51825,0.736544388872,0.503533
279,-37177.9794753,-20899.083591,cassan_44_75_930.det.lc.gz,1.26809383822e-06,0.00018635,1.04076130048,1.07308,0.0753195961397,0.0728524
280,-26368.5888224,-20177.4552829,cassan_44_76_1201.det.lc.gz,3.36537004186e-05,2.90252e-05,1.08801824986,1.09447,0.103121130315,0.0824572
281,-19372.639465,-19284.0445502,cassan_44_88_2608.det.lc.gz,3.75368725466e-05,4.61138e-05,0.907260003486,0.882716,0.090288484424,0.0911418
282,-19534.9092388,-19152.3260326,cassan_45_113_852.det.lc.gz,1.17393716263e-05,0.000227612,1.01960516556,1.16876,0.0316669236648,0.0292193
283,-66078.5526383,-23344.0284823,cassan_45_18_1106.det.lc.gz,7.40159813985e-07,0.0049044,1.06172965843,0.820224,0.117599552679,0.0692049
284,-39248.2128726,-20654.8295481,cassan_45_23_2761.det.lc.gz,2.08763127079e-06,0.000530222,1.00688782202,0.843624,0.0105897347677,0.0102214
285,-19213.4649971,-19160.8077318,cassan_45_58_2250.det.lc.gz,4.93187868673e-08,3.46046e-05,1.00600771193,1.31709,0.0116209483312,0.011766
286,-32467.2714455,-19639.3224917,cassan_45_62_885.det.lc.gz,6.98935248367e-06,0.00604533,1.03768725221,0.790142,0.0669089001061,0.0641202
287,-19408.1334443,-19340.9340104,cassan_46_111_762.det.lc.gz,8.71816024663e-07,0.000238105,1.15617015462,1.1536,0.138405919826,0.144404
288,-20340.6916346,-19542.8568027,cassan_46_113_697.det.lc.gz,4.73846971495e-05,0.00020011,1.05155822271,0.955242,0.0190600373089,0.016612
289,-19674.4435548,-19401.0245155,cassan_46_127_1794.det.lc.gz,2.81639159158e-07,6.95749e-06,1.00271875889,1.00505,0.00401306707438,0.00403619
290,-21896.2311963,-20860.7790929,cassan_46_46_2231.det.lc.gz,0.0162173032593,0.00603345,1.86950760315,1.30059,0.772193452838,0.183354
291,-20229.6914767,-19542.7388088,cassan_46_58_3231.det.lc.gz,0.000662939318461,0.00222541,0.833276399333,0.970097,0.351346937051,0.212984
292,-26275.2093713,-19946.7666666,cassan_46_5_1089.det.lc.gz,9.26261788223e-05,0.000289001,2.7952585009,1.78857,1.68872484768,0.723338
293,-42619.2172148,-21612.1103026,cassan_46_61_2025.det.lc.gz,2.34416364116e-06,0.0004684,1.21766199545,1.20137,0.335983782201,0.346979
294,-23462.3838279,-21377.4959331,cassan_46_76_2902.det.lc.gz,0.00037118462501,0.000188919,0.948998013493,0.978317,0.0692330736165,0.0614934
295,-19476.5752668,-19412.9576441,cassan_46_84_521.det.lc.gz,4.96648788626e-11,3.59014e-05,1.03703936222,1.39839,3.99071271772e-08,0.051949
296,-19797.2485945,-19386.6708606,cassan_46_85_2585.det.lc.gz,1.4283677942e-05,2.81843e-05,0.977064936725,1.01258,0.0299324911081,0.0304742
297,-55620.1370955,-22683.0674013,cassan_46_98_913.det.lc.gz,8.44356238025e-06,0.0356588,0.996798146194,0.158186,0.00584421374125,0.00771242
298,-24702.2904274,-19583.9461989,cassan_47_10_3223.det.lc.gz,2.4241102979e-05,0.0128084,1.00899698666,1.42353,0.00813722902721,0.0148931
299,-19933.5948022,-19483.3174735,cassan_47_139_3138.det.lc.gz,0.000362355331925,0.000166577,0.673966530038,0.69187,0.54533203005,0.484386
300,-19483.8684948,-19429.2114478,cassan_47_151_3309.det.lc.gz,0.000128745378347,0.000722447,0.987914665978,1.49942,0.00857936795295,0.00905925
301,-98585.5803754,-24960.0300954,cassan_47_21_1013.det.lc.gz,4.23190412436e-07,1.26618e-06,0.99961633931,0.984597,0.00076746842895,0.00190383
302,-19325.6999332,-19291.952795,cassan_47_4_224.det.lc.gz,1.24516148443e-05,1.51895e-05,0.988665472006,5.85776,0.0227823860624,0.0228295
303,-19823.6751156,-19212.6890988,cassan_47_69_2627.det.lc.gz,4.66614105123e-05,4.77709e-06,1.08426460065,0.92276,0.00674172940589,0.00675738
304,-35105.4871428,-20599.4320499,cassan_47_71_203.det.lc.gz,2.28942263493e-06,5.25472e-05,1.06236533159,1.04145,0.11754643707,0.115258
305,-19126.8998921,-19068.7229293,cassan_47_83_1654.det.lc.gz,0.000169214768159,0.000794333,1.07788122152,1.45006,0.133310110541,0.13421
306,-19674.1558738,-18883.8045479,cassan_47_8_3302.det.lc.gz,0.00577264041359,0.0038554,0.824428661071,1.1989,0.374330403161,0.376727
307,-19468.9965077,-19310.0618227,cassan_47_96_380.det.lc.gz,1.83502643891e-08,0.00116321,1.00118226554,0.324348,0.00124848722112,0.00130713
308,-19162.4171034,-19088.8133417,cassan_48_139_25.det.lc.gz,2.3284698107e-06,2.19096e-06,1.59857350983,1.57529,0.899600458137,0.870604
309,-42525.4428673,-20253.1675848,cassan_48_17_779.det.lc.gz,1.6124825488e-05,0.000151197,1.39009598192,1.44546,0.527203552696,0.628859
310,-20220.327803,-19912.0138591,cassan_48_19_2772.det.lc.gz,9.14331280038e-11,0.00400436,1.05106926589,1.19259,0.0980299838907,0.370866
311,-21809.3303462,-19714.4120696,cassan_48_32_1344.det.lc.gz,2.11145421291e-07,1.50766e-05,0.989654390455,1.00047,0.0196126241758,0.0199769
312,-59629.6075924,-21443.0091437,cassan_48_4_782.det.lc.gz,2.11668291804e-05,7.26743e-05,0.997609481105,0.3991,0.00478617126414,0.0132245
313,-21237.4590234,-19474.4191116,cassan_48_56_831.det.lc.gz,4.17820832762e-07,0.000691225,1.00066643475,0.284121,0.00126593339189,0.00120163
314,-22327.0905725,-21954.4452179,cassan_48_61_1096.det.lc.gz,1.57529153696e-05,0.000740753,1.03168534429,1.03685,0.0623818462002,0.0720813
315,-20360.1012949,-20051.4964666,cassan_48_83_451.det.lc.gz,2.21520052821e-07,1.98482e-06,0.941404200913,0.944527,0.0891692909658,0.0874974
316,-19753.5894509,-19170.5002147,cassan_49_113_1312.det.lc.gz,8.82768696359e-07,2.90571e-05,0.889502933381,0.875091,0.201782147321,0.2013
317,-26469.6118898,-24805.3446825,cassan_49_124_923.det.lc.gz,8.36459849956e-06,0.00087088,1.01085186895,0.989903,0.00590888798226,0.006055
318,-19946.8095808,-19176.6279929,cassan_49_127_1453.det.lc.gz,4.3037831695e-06,3.38188e-06,1.4650985299,1.46005,0.625776391333,0.619233
319,-19749.7291502,-19374.5342967,cassan_49_139_2775.det.lc.gz,6.95514629096e-11,5.35708e-05,1.11462672975,1.11232,0.215846252312,0.189629
320,-24467.072008,-19592.4149338,cassan_49_140_1842.det.lc.gz,3.58849756477e-06,8.49578e-05,0.966034631981,0.983026,0.067792378362,0.0715018
321,-31972.2048478,-20989.5659017,cassan_49_45_1644.det.lc.gz,2.90694777942e-06,0.000856516,1.41614504868,1.18388,0.690484577021,0.381817
322,-19200.1539384,-19159.6849465,cassan_49_70_14.det.lc.gz,6.4160143035e-05,0.000129794,0.985619089368,2.18611,0.0253392519712,0.0253555
323,-19260.0731461,-19043.4069792,cassan_4_112_1179.det.lc.gz,2.79386321055e-10,2.40469e-05,0.993065675238,1.04335,0.0119268481849,0.0119473
324,-20673.8335988,-20123.2748898,cassan_4_60_1585.det.lc.gz,0.000248368208615,0.00230312,1.0229503458,2.67881,0.00083514223411,2.18888
325,-20573.00732,-19961.0610775,cassan_4_96_1253.det.lc.gz,3.94440626834e-06,2.09013e-05,0.994216486293,1.02645,0.00516301312775,0.00454581
326,-19109.0539853,-19038.1105645,cassan_4_9_996.det.lc.gz,1.92938460189e-06,1.78395e-07,0.997519765308,2.5455,0.00185299019868,0.00188112
327,-19661.4269163,-19597.0414054,cassan_50_126_2558.det.lc.gz,1.40552451628e-08,0.000379436,1.00452055611,0.782517,0.00899502649366,0.00850779
328,-19701.3819463,-19521.0729267,cassan_50_50_958.det.lc.gz,1.05863817794e-07,0.000105582,1.07404727463,1.08822,0.134102971266,0.126858
329,-34135.0268003,-21073.6211908,cassan_50_84_1630.det.lc.gz,9.78866164466e-07,7.5872e-05,2.12717059994,1.66559,1.33125023796,0.776759
330,-21480.5517902,-20588.252429,cassan_50_8_1986.det.lc.gz,0.000151966110155,0.00119116,1.16200897758,1.12162,0.300267578847,0.257923
331,-50732.1087718,-21515.1695682,cassan_50_96_1015.det.lc.gz,1.31584995979e-06,0.000932581,1.03505798796,0.929787,0.0247337338146,0.0281126
332,-28985.4906941,-19314.8182242,cassan_50_98_701.det.lc.gz,1.15156691783e-09,0.000117969,0.999559840379,0.319759,0.00082319383437,0.000990987
333,-48913.8076744,-25185.6268269,cassan_51_34_2663.det.lc.gz,1.29203215724e-06,3.68361e-05,0.979360548239,0.981358,0.0411819877354,0.0441926
334,-24798.316535,-20902.4372352,cassan_51_49_634.det.lc.gz,1.20213950869e-05,7.87936e-05,0.916335978956,0.912781,0.154625740253,0.156739
335,-27123.523237,-19700.9189237,cassan_51_56_2214.det.lc.gz,9.89083347763e-07,0.00183543,1.0787837671,1.18331,0.109972972152,0.0737858
336,-19960.406867,-19234.6894426,cassan_51_71_1318.det.lc.gz,1.85394684934e-07,0.000274295,1.00988253363,0.914388,0.0195647575465,0.0182136
337,-24139.4281728,-24104.2354715,cassan_51_75_1540.det.lc.gz,1.46497481051e-15,0.000358831,1.04744042365,2.66398,4.34341376956e-05,0.491159
338,-27539.4122649,-25761.6770446,cassan_51_83_1192.det.lc.gz,7.61990189523e-07,0.000201594,1.0048160244,1.16089,0.00617719966319,0.00622058
339,-20175.966462,-19381.042839,cassan_51_83_1629.det.lc.gz,0.000113164381026,2.63638e-06,1.96998547208,1.76942,0.233588794763,0.246689
340,-53709.1472442,-24260.5337028,cassan_5_110_3107.det.lc.gz,2.44592292027e-06,1.74388e-05,1.03274384971,1.05771,0.0598408360393,0.059809
341,-22506.4555966,-20516.0353695,cassan_5_113_2181.det.lc.gz,1.65821364194e-05,1.92637e-05,1.62236942607,1.62029,0.435699982967,0.436567
342,-19399.3254618,-19256.0748662,cassan_5_19_939.det.lc.gz,9.12829842534e-06,0.000137187,0.995485710344,1.61209,0.00629744075701,0.00741684
343,-43321.9866861,-19445.953607,cassan_5_23_1806.det.lc.gz,9.22564313765e-07,0.000402232,1.01249797721,0.876559,0.0208138404858,0.0205947
344,-30451.3004146,-21986.7394893,cassan_5_30_1599.det.lc.gz,8.51588058198e-07,0.000505855,0.998488913007,1.59308,0.00301149127891,0.0024671
345,-21465.0532503,-20654.2321423,cassan_5_4_2952.det.lc.gz,1.04923983407e-06,4.81648e-05,0.939478265374,0.931718,0.124032073078,0.136287
346,-19572.3768482,-19523.1034882,cassan_5_73_1003.det.lc.gz,4.3683266064e-08,9.13448e-05,1.03704710372,0.978394,0.0716757313316,0.0702959
347,-26251.9487362,-24092.0549033,cassan_6_109_2033.det.lc.gz,0.00102250343618,0.0132668,1.10217678979,1.19487,0.164456763121,0.140727
348,-23623.2235998,-19740.6553015,cassan_6_136_2878.det.lc.gz,3.79352488904e-06,0.000326174,1.00108742155,1.87127,0.00184282348931,0.00185573
349,-34422.3624158,-19393.7057633,cassan_6_136_597.det.lc.gz,4.91669900186e-07,0.000117414,0.999097538521,0.80089,0.00171403456178,0.00189596
350,-130042.166022,-25613.0317222,cassan_6_19_20.det.lc.gz,3.35657360321e-06,0.00148424,1.26959751727,1.21215,0.4791934393,0.447443
351,-21022.2191825,-19280.1173853,cassan_6_58_2833.det.lc.gz,1.10539580481e-05,0.000160997,1.00419913638,0.860613,0.00776308232012,0.00796527
352,-20636.5287323,-20389.5444466,cassan_6_59_875.det.lc.gz,6.17806469489e-09,2.01157e-05,1.17601862529,0.841341,0.32531850543,0.348944
353,-19632.0758418,-19493.4602136,cassan_7_102_423.det.lc.gz,3.38859803628e-08,3.3403e-06,0.923539458336,0.926144,0.11165898534,0.107967
354,-20809.9070636,-19333.3372369,cassan_7_57_624.det.lc.gz,4.54454299802e-06,7.54012e-06,1.06600453104,1.06522,0.0820158971422,0.0833699
355,-19598.8690943,-19471.9724503,cassan_7_71_72.det.lc.gz,4.93993777755e-07,0.000174501,0.997787022056,0.666823,0.00163380862602,0.00180995
356,-28303.1718951,-19850.1735113,cassan_7_82_1763.det.lc.gz,5.51482240538e-06,3.97239e-05,1.00378274498,1.13065,0.00430631791635,0.00444925
357,-28610.2878079,-22464.6647794,cassan_7_88_2672.det.lc.gz,4.58518428461e-05,0.00459458,1.19153211374,1.2538,0.313520553516,0.488256
358,-27439.6073272,-25945.4458662,cassan_8_109_3312.det.lc.gz,8.87395863511e-05,0.000997928,1.01326077335,0.983034,0.00760708625413,0.00524569
359,-23756.5164594,-23227.1985551,cassan_8_139_1668.det.lc.gz,0.94754975733,0.0015057,1.17566932641,1.29126,0.00781771791243,0.262262
360,-19621.5241238,-19414.5145745,cassan_8_37_1173.det.lc.gz,0.000778625578792,0.000175599,1.87341001994,1.89493,0.239088588754,0.239271
361,-879409.812348,-19241.9968777,cassan_8_60_2897.det.lc.gz,2.07031714982e-06,1.5854e-05,0.999508888677,1.15352,0.00096835461699,0.00110292
362,-19355.6416734,-19321.0593264,cassan_9_136_829.det.lc.gz,9.26539060637e-11,7.76935e-05,1.05811088358,1.02629,0.0661916769304,0.0621777
363,-27632.8733029,-23279.1402378,cassan_9_31_1992.det.lc.gz,2.21768160428e-08,1.18332e-05,0.983849275684,0.992656,0.0264211366788,0.0266082
364,-27468.9207138,-20747.3687249,cassan_9_57_509.det.lc.gz,1.74987824393e-05,4.46397e-06,1.07824212645,0.927052,0.0084662473833,0.00856054
365,-19894.514765,-19625.6937284,cassan_9_7_1779.det.lc.gz,2.89271856206e-05,8.90132e-05,1.07769069091,3.27788,0.0258413085002,2.67588
366,-26954.8511533,-19721.7060413,cassan_9_85_168.det.lc.gz,4.43181264769e-07,3.40921e-05,1.01556637774,1.04747,0.027769718665,0.0271779
367,-26112.5753181,-19161.2714506,cassan_9_85_1888.det.lc.gz,3.23810218592e-07,1.86579e-05,1.60006956548,1.64418,0.949986469462,1.00687
368,-21044.7483803,-20759.5099897,cassan_9_87_2574.det.lc.gz,5.7228197344e-11,4.23999e-05,0.995624317734,0.946849,0.00424005198932,0.00472301
369,-19637.0238543,-19181.8602417,cassan_9_87_404.det.lc.gz,0.000576533817597,0.000346815,2.18789377483,2.20731,0.170181761717,0.173291
370,-268669.155069,-268669.155069,cassan_0_110_2001.det.lc.gz,0.0253133760206,2.09783e-05,429.565573628,9.333,0.543679978054,1.07808
371,-34065.1983578,-30295.4603367,cassan_0_32_1164.det.lc.gz,216749.686278,0.000138687,1909.88239514,16.4392,1.82727204037,2.07797
372,-331864.974582,-273604.976833,cassan_0_59_2892.det.lc.gz,0.000136160180544,0.0602234,1.70817946555,0.983937,1.05791612931,0.0613875
373,-5848690.00103,-2439877.15496,cassan_0_6_2047.det.lc.gz,0.000250926188075,0.000346278,0.992041607215,1.36466,0.0159805136171,0.0140991
374,-411058.32992,-97616.1108177,cassan_0_6_2497.det.lc.gz,5.99425993182e-06,0.000101531,1.00122283475,0.722424,0.00239199216175,0.00124991
375,-19430.057609,-19427.7661726,cassan_0_6_2640.det.lc.gz,7.02538974826e-07,3.37242e-05,1.00112043342,0.582528,0.00152233975636,0.00155443
376,-16874878.1539,-6431169.49606,cassan_0_72_602.det.lc.gz,0.000217798527202,0.00163517,0.963277910878,0.946374,0.0574944139809,0.0385348
377,-71959.2547362,-37177.3261259,cassan_0_75_1892.det.lc.gz,3.84390607709e-06,0.0351979,0.997568467678,3.82005,0.00462610487745,0.00255042
378,-32616.8159519,-29490.3307009,cassan_0_98_2279.det.lc.gz,0.0208847647891,0.000218314,1.44797675032,0.882401,0.73460670808,0.254325
379,-81695.8208067,-33794.6531378,cassan_0_9_1004.det.lc.gz,1.02581309136e-06,0.00795796,1.01769529282,1.36445,0.0323696967786,0.0576929
380,-96241.962284,-96000.6735841,cassan_10_100_2641.det.lc.gz,6.49993280445e-08,0.00360376,5.96718126872,1.94218,5.39260595281,0.924539
381,-19331.8400202,-19312.318988,cassan_10_31_3018.det.lc.gz,5.66719738188e-06,4.23866e-05,0.99739197536,1.54974,0.00241931065759,0.00250447
382,-172444.352262,-158513.920396,cassan_10_74_1234.det.lc.gz,1.72907818864e-10,0.00487114,1.00249310809,0.900633,0.0044766273286,0.0163232
383,-118447.963772,-91549.470974,cassan_10_9_2732.det.lc.gz,8.45018819082e-06,0.0105433,1.02303671712,0.90965,0.0434043055004,0.00603515
384,-19129.7313796,-19105.7492165,cassan_11_102_2629.det.lc.gz,2.56881584307e-05,3.67674e-06,0.6660006216,0.656233,0.808749685621,0.817804
385,-567702.258193,-452338.048419,cassan_11_111_1597.det.lc.gz,0.000625120214194,0.00386167,1.15119876932,0.633457,0.281540250329,0.263227
386,-24714.1094145,-24714.1094145,cassan_11_114_151.det.lc.gz,0.169158178113,3.47721e-05,2316.79271829,2.5904,0.560923683253,1.89318
387,-29795.3638786,-29729.1184994,cassan_11_124_2212.det.lc.gz,17.0024693588,0.00457877,32.6407185575,1.69801,1.64230548034,1.00748
388,-1363961.46762,-645039.530218,cassan_11_136_2595.det.lc.gz,9.74077750581e-06,0.00139484,1.59298840997,1.8515,0.256077982315,0.37892
389,-648472.171043,-647978.888116,cassan_11_137_1415.det.lc.gz,0.00221472751889,0.00126597,0.821212489415,3.34227,0.389968035374,2.05637
390,-216164.695463,-154757.346128,cassan_11_140_1140.det.lc.gz,1.1689770919e-05,0.000207618,0.987467944881,0.980001,0.0157422956904,0.00741076
391,-251991.555275,-49177.7463857,cassan_11_140_3006.det.lc.gz,9.40637252617e-05,4.04877e-07,0.786942744314,1.9896,0.468893729068,0.560246
392,-9600091.51097,-1211083.69799,cassan_11_32_2169.det.lc.gz,0.000107368879611,0.00223727,1.04457936999,0.943731,0.0828013908353,0.0816171
393,-202056.502865,-201375.270846,cassan_11_35_903.det.lc.gz,2.58290765573e-13,0.000332665,1.02044275877,2.05865,4.15135175791e-05,0.0846988
394,-42179.5651442,-38178.9029023,cassan_11_47_880.det.lc.gz,1.97072488138e-09,6.67885e-05,0.997949381081,0.977948,0.000703690529888,0.00140584
395,-30040.1563181,-26272.9944847,cassan_11_61_1395.det.lc.gz,1.60538527212e-05,0.0424299,1.2097647596,1.12918,0.15862611082,0.160143
396,-133429.710577,-26198.3342337,cassan_12_127_1270.det.lc.gz,3.31079362275e-05,0.0374296,0.000862189722739,0.259,0.000883895467427,0.00349116
397,-236397.111527,-235952.232847,cassan_12_31_1273.det.lc.gz,4.192213789e-10,7.27529e-05,1.23085614545,2.07837,9.7454159832e-07,0.446535
398,-174056.934536,-90951.441299,cassan_12_31_3254.det.lc.gz,1.26980706459e-06,5.94989e-05,1.00175113973,0.997879,0.00165112262723,0.000209391
399,-45691.8721581,-29999.203869,cassan_12_45_3257.det.lc.gz,7.29086445228e-06,0.00281368,1.45733021117,1.64065,0.419825740522,0.485758
400,-67625.9904628,-54730.5138677,cassan_12_58_331.det.lc.gz,1.54911065705e-10,0.0278293,1.00566594854,1.11941,0.00926117699368,0.0319848
401,-6558280.61149,-556629.275951,cassan_12_59_1209.det.lc.gz,1.67615269272e-05,0.0279042,1.01303083553,0.539222,0.0258598530036,0.0241821
402,-40690.0795875,-39134.0436331,cassan_12_5_572.det.lc.gz,1.73084258095e-17,0.0399309,1.00129868627,1.21676,0.00184322994435,0.142613
403,-260944.879585,-61270.6634378,cassan_12_60_2383.det.lc.gz,3.95507370123e-05,2.9585e-06,1.00337829725,1.06399,0.0067452157506,0.00236499
404,-19231.3233263,-19220.5682795,cassan_12_82_1830.det.lc.gz,1.09432836319e-06,4.47438e-05,0.997876216628,0.616646,0.00283701540969,0.0029304
405,-62264.4723793,-48504.7190161,cassan_12_82_1969.det.lc.gz,3.27119253391e-05,0.00288252,1.01189543157,1.52134,0.00920617474721,0.00434446
406,-89399.5376342,-75762.1468027,cassan_12_83_1364.det.lc.gz,156.291882642,1.93275e-05,758.349711916,4.86354,0.203011684481,1.02804
407,-33648.0868682,-28157.3345192,cassan_13_126_312.det.lc.gz,0.000249840885927,0.0238447,1.14291033437,1.04292,0.267534476185,0.306164
408,-19581.2408062,-19579.4424205,cassan_13_5_629.det.lc.gz,0.132903732582,0.000122422,0.039986149767,2.68141,3.60486481043,2.01699
409,-2775998.21163,-1792942.26352,cassan_13_61_2411.det.lc.gz,7.74342435555e-07,0.0462247,1.00601948749,1.19384,0.00868912374772,0.0220063
410,-20695.1181399,-20693.173083,cassan_13_84_1588.det.lc.gz,29.2051448236,3.59896e-05,29.2138828708,2.17905,3.15295429332,1.31454
411,-79390.0828462,-69068.3638482,cassan_13_88_375.det.lc.gz,1.28632696005e-08,0.0318109,1.00878564568,3.25998,0.00887042932678,2.95702
412,-19299.8009262,-19283.8019629,cassan_14_10_1165.det.lc.gz,2.54923454058e-06,0.000151931,0.997021195864,2.03434,0.00267866859491,0.00286353
413,-40020.4753891,-40016.4893188,cassan_14_114_1183.det.lc.gz,0.0214022523405,0.00603259,0.00595926639869,1.81307,1.5188392331,1.04444
414,-121081.833374,-118339.981332,cassan_14_136_2525.det.lc.gz,1.31693944851e-05,0.0534666,1.02142330867,0.510417,3.77620842788e-06,1.38179
415,-51051.992915,-27212.6016288,cassan_14_140_1151.det.lc.gz,1.27202788051e-05,0.00304414,1.00570163326,2.54854,0.00535681439807,0.0016644
416,-19109.2258312,-19088.869605,cassan_14_18_306.det.lc.gz,3.5292760583e-06,6.94348e-05,1.00349843403,1.94552,0.00176727057443,0.00191581
417,-36714.8931619,-33383.1873532,cassan_14_56_156.det.lc.gz,4.69117257998e-08,2.67212e-05,0.991803510548,0.961398,0.016059488105,0.0150404
418,-58657.690113,-39054.5051421,cassan_14_74_50.det.lc.gz,0.000420498200977,0.161243,1.3158654645,2.81595,0.47048302767,2.2701
419,-248539.666108,-83054.896318,cassan_14_82_2922.det.lc.gz,3.16071793807e-06,6.24343e-06,1.00242305091,0.809056,0.00249234470863,0.000773907
420,-265740.773869,-102070.616971,cassan_14_89_1673.det.lc.gz,2.10197483362e-05,0.0010755,0.997668544224,0.464621,0.00466835592565,0.00810081
421,-55134.1791491,-30159.8557297,cassan_14_97_1589.det.lc.gz,0.000359587626998,0.00427331,2.67616655814,0.697144,1.94607507837,0.534596
422,-337625.286479,-334766.25689,cassan_15_22_3063.det.lc.gz,0.000636459375555,0.00619266,0.458708041971,1.31911,1.53532957666,0.267571
423,-43107.1069456,-36009.4795046,cassan_15_35_1372.det.lc.gz,0.00179951129742,0.00939491,2.61268962635,1.29095,1.63287563991,0.259312
424,-19411.3837879,-19402.0754749,cassan_15_60_750.det.lc.gz,2.98193233747e-06,4.2343e-05,0.977485613708,0.996017,0.0349125899922,0.0332876
425,-43338.3389656,-32752.4976132,cassan_15_71_1011.det.lc.gz,0.000145251004962,0.00469633,1.09402330507,1.03833,0.1790830828,0.188421
426,-69413.2252894,-69409.4792839,cassan_15_96_2668.det.lc.gz,5.51029490244e-10,5.80077e-06,1.21501570054,0.81118,0.343436272952,0.341482
427,-19140.9957865,-19121.2873881,cassan_16_113_1834.det.lc.gz,3.19639460732e-07,0.000848003,1.00416820724,2.27942,0.00668678302048,0.00657123
428,-2640613.54526,-525474.829157,cassan_16_138_3067.det.lc.gz,1.57092575893e-07,0.0011147,1.02584054268,0.710864,0.0491965919282,0.556431
429,-4005438.70558,-1884564.56269,cassan_16_22_1021.det.lc.gz,8.03366209795e-05,0.114113,1.02875154767,5.02592,0.0187959057088,1.30614
430,-77345.77524,-40098.2532599,cassan_16_46_1963.det.lc.gz,0.000366263285071,0.00622848,1.11031515261,0.974671,0.0924226403376,0.0768113
431,-62583.8096312,-55534.3916185,cassan_16_75_2259.det.lc.gz,4.50981291247e-11,0.0297242,1.01250646958,0.85775,0.0226021471635,0.138808
432,-4699009.04643,-762504.304642,cassan_16_9_2425.det.lc.gz,0.00061099518445,3.59136e-07,0.986166173766,1.18308,0.0278617076779,0.0617504
433,-422863.437658,-91509.9068189,cassan_17_112_2827.det.lc.gz,3.93676099943e-06,5.87313e-06,1.00101428201,0.348862,0.00202742308612,0.000856161
434,-40121.6455141,-40097.6658031,cassan_17_114_2265.det.lc.gz,0.00233332043144,0.0514824,0.0071270633301,1.98013,3.26815563518,1.20869
435,-21000.6361009,-20973.3880228,cassan_17_22_43.det.lc.gz,4.3040492989e-06,0.00122969,0.647567319313,2.96631,0.685909234986,1.78138
436,-489351.29479,-139377.477008,cassan_17_5_1253.det.lc.gz,1.60885797291e-05,0.000692695,1.24826768475,1.24848,0.314002233942,0.301282
437,-1066193.26564,-251154.629532,cassan_18_125_2370.det.lc.gz,0.000581067371829,0.0602933,1.09848789117,0.736016,0.125345654128,0.102392
438,-38120.8169964,-33318.0944876,cassan_18_136_446.det.lc.gz,2.44537196584e-05,0.0149806,1.07043038112,0.91559,0.0467088571877,0.166194
439,-256285.33993,-167034.2473,cassan_18_24_2330.det.lc.gz,2.86822643239e-06,0.0125618,1.01031985558,1.09105,0.016675973207,0.0153859
440,-2083342.82852,-1858168.66416,cassan_18_30_2377.det.lc.gz,41.4905453075,6.13913e-05,21.861324343,2.08993,0.758648063818,1.60023
441,-21840.6058258,-21840.6058231,cassan_18_35_1184.det.lc.gz,0.0166159395735,0.000164016,109.927639962,3.74363,0.154480618054,2.61682
442,-287685.365966,-287677.497004,cassan_18_36_749.det.lc.gz,0.000408004642504,0.169627,0.000321085514997,0.772398,1.35816394811,0.258287
443,-107944.971674,-67252.445195,cassan_18_47_860.det.lc.gz,0.000239480374043,0.00380536,0.983318084452,0.889969,0.0327231964157,0.0573632
444,-115514.157524,-29397.8564107,cassan_18_48_2352.det.lc.gz,6.40338754281e-05,0.00624787,1.63889805834,1.40977,0.920102254329,0.528724
445,-39343.1024277,-32999.1686645,cassan_18_73_850.det.lc.gz,2.05953407127e-05,0.0131155,1.34691748394,1.12455,0.22733456093,0.0945536
446,-1025907.02513,-333100.921135,cassan_18_9_1717.det.lc.gz,5.85689940104e-06,0.000868998,0.994212808003,1.07933,0.0106664477116,0.00951612
447,-1220028.94402,-458636.890058,cassan_19_111_1140.det.lc.gz,0.00306278961238,0.0024525,1.144948328,1.29487,0.0302746891769,0.0129206
448,-86678.5836386,-84004.9601474,cassan_19_17_2303.det.lc.gz,9.82555067479e-15,0.00016526,1.00056381343,1.70228,7.37074680561e-05,0.593589
449,-68787.7083495,-68700.3844891,cassan_19_37_3203.det.lc.gz,0.0885535205266,0.0100231,0.167089579771,1.33371,5.06572871607,0.26735
450,-105470.167537,-84397.8203841,cassan_19_56_1622.det.lc.gz,4.90916218545e-06,0.0546798,1.02232874271,1.85306,0.000333276568365,1.00802
451,-61759.17237,-40427.1749042,cassan_19_71_318.det.lc.gz,0.000568553814911,6.37419e-05,1.4550176984,1.4139,0.132890624081,0.13404
452,-250242.96044,-250363.088677,cassan_19_75_2375.det.lc.gz,0.474145204152,3.01917e-05,0.000562882964459,4.6329,2.31882513335,1.29662
453,-29415.7778161,-19418.3106692,cassan_1_109_642.det.lc.gz,2.57414043922e-06,3.25453e-05,0.000421881881493,0.316563,4.5424923699,2.80308
454,-19602.3396515,-19600.1561231,cassan_1_23_1938.det.lc.gz,56.441817367,0.0269168,609.080086624,1.88813,2.61674723957,1.31781
455,-39914.075567,-26852.068996,cassan_1_32_3125.det.lc.gz,1.43326494364e-05,0.0336604,1.91585780131,0.729471,1.3688089696,0.665602
456,-50826.5396817,-35361.6696866,cassan_1_7_274.det.lc.gz,6.49633261219e-06,7.28812e-05,0.960014720931,0.964757,0.0795605980559,0.0751262
457,-2389775.33762,-950880.89812,cassan_1_84_3226.det.lc.gz,0.000213750572781,0.0201701,1.16994695685,1.31987,0.314663428808,0.401399
458,-34544.9483618,-33939.2083351,cassan_20_23_820.det.lc.gz,1.1332489949e-18,0.166751,1.00015472281,0.672704,0.0002193907484,0.90522
459,-19689.2082692,-19688.4088056,cassan_20_44_96.det.lc.gz,3.4152788467e-06,0.0346373,4.12715603953,1.36057,4.09302559303e-05,0.379939
460,-2560493.49954,-1663348.53255,cassan_21_125_2789.det.lc.gz,0.0247976532839,0.0189715,4.16319655222,0.685568,3.34545370973,0.647463
461,-278005.927335,-39022.7615116,cassan_21_34_3023.det.lc.gz,0.000215419777044,0.000468018,1.44892796489,1.44531,0.287061142488,0.295077
462,-18111462.6715,-10149138.6904,cassan_21_45_2625.det.lc.gz,5.44702090281e-06,0.0428826,1.05811247234,1.23386,0.0524526353996,0.159494
463,-20099.7525691,-20082.3651572,cassan_21_57_2168.det.lc.gz,6.15509053064,0.014782,25860.4484807,0.600386,4.43354379623,1.74773
464,-933345.613456,-384349.399715,cassan_21_70_329.det.lc.gz,0.000235917299405,0.0258319,1.21524701354,1.33747,0.365330667449,0.310572
465,-83359.163002,-37117.7442237,cassan_21_76_2131.det.lc.gz,7.8311624304e-05,0.0753564,1.26570512512,0.783123,0.349239118469,0.315722
466,-3636291.80918,-154924.651088,cassan_21_86_615.det.lc.gz,1.3732353524e-05,0.00402912,1.34016870212,1.42683,0.357305562236,0.411682
467,-19284.7621155,-19272.425413,cassan_21_98_2880.det.lc.gz,0.262215495914,1.2271e-06,4.44510151283e-05,13.6932,2.72208200485,2.82317
468,-266234.527101,-266078.156131,cassan_22_140_1476.det.lc.gz,2.76710130987e-07,0.000118252,0.124183946794,1.83724,2.22148272234,0.0572298
469,-163314.60818,-151998.018935,cassan_22_140_2243.det.lc.gz,1.50160347242e-16,0.0185829,1.00018535809,2.10048,0.000126577870461,0.909584
470,-19327.3793791,-19321.4088022,cassan_22_44_585.det.lc.gz,6.70145014006e-05,3.03969e-06,1.00559862482,14.5945,0.0111213563558,0.011212
471,-19110.3776182,-19096.8103349,cassan_22_49_3048.det.lc.gz,1.83473870747e-06,0.000266835,0.996751502447,1.91862,0.0043266916238,0.00441653
472,-5048958.4497,-1007430.00002,cassan_22_50_168.det.lc.gz,9.76046168994e-05,0.000902438,0.951150098234,0.964434,0.100042667941,0.147933
473,-114317.74747,-27663.85912,cassan_22_63_2231.det.lc.gz,2.01828443922e-05,0.00258892,1.01344289772,1.18442,0.0220571970639,0.0208231
474,-63584.1878143,-63584.1878142,cassan_22_6_2628.det.lc.gz,0.0367377561715,0.000183872,513.706792368,5.49384,0.693342589008,2.05085
475,-180320.461704,-151481.470482,cassan_22_71_626.det.lc.gz,6.12662791595e-06,0.0203209,1.48895625884,1.20098,0.66375333376,0.29751
476,-51495.0110321,-38134.1618553,cassan_23_109_777.det.lc.gz,0.000299905841668,0.000377642,1.04345221488,1.03876,0.0690025530326,0.0722784
477,-786291.756793,-246450.043304,cassan_23_150_2391.det.lc.gz,1.03629393682e-06,6.42799e-05,0.9934709491,0.980185,0.0125618495553,0.0115893
478,-19049.2762653,-19043.3921229,cassan_23_23_3004.det.lc.gz,1.29688243457e-10,1.00514e-05,0.994216246902,0.706535,0.0098881290245,0.00992954
479,-38373.3573631,-37982.6319359,cassan_23_44_1776.det.lc.gz,0.0143287570721,0.000138096,1.41682670167,3.61013,0.579330892328,2.14169
480,-773119.505389,-744742.876855,cassan_23_57_150.det.lc.gz,0.0110091763029,0.00100548,1.19900123711,3.03101,0.317427903246,0.693296
481,-402994.729487,-57340.3768327,cassan_23_75_1376.det.lc.gz,2.70070886491e-06,4.79577e-05,0.974836947646,0.958773,0.03837329203,0.0371164
482,-85625.2742437,-47377.6124305,cassan_23_83_1041.det.lc.gz,6.70188169954e-05,0.00694299,1.30380462924,0.80964,0.347719201183,0.280351
483,-2901308.03231,-1820169.47319,cassan_23_85_2622.det.lc.gz,0.000192379762697,0.00661664,0.996252615547,1.08116,0.00698264540614,0.0303462
484,-19286.7664213,-19284.1441927,cassan_23_88_3189.det.lc.gz,6.91815917651e-10,8.91724e-06,1.00620459665,9.65809,0.00476824098139,0.00564229
485,-19285.806983,-19277.8156331,cassan_23_88_52.det.lc.gz,3.99165866394e-07,3.32134e-05,0.997988546612,1.0582,0.00319353786882,0.00306594
486,-53153.8699483,-34711.911548,cassan_24_22_499.det.lc.gz,9.7004917491e-06,6.6611e-05,0.980003901622,1.02681,0.0137274561114,0.0109087
487,-42756.5838114,-41718.2669829,cassan_24_47_2677.det.lc.gz,0.00916560232344,0.000292124,32.1823578612,3.2999,2.09846189361e-05,0.779858
488,-20908617.3914,-20555449.346,cassan_24_76_1581.det.lc.gz,1.1614281806e-05,8.02578e-06,0.412661582937,5.99877,1.92629544156,0.110602
489,-300080.270158,-62947.4422438,cassan_24_82_1492.det.lc.gz,2.27071168731e-06,0.000105898,1.00077125063,0.0326694,0.00154186467418,0.000195265
490,-759021.865483,-238396.446623,cassan_24_83_93.det.lc.gz,3.76499677975e-05,0.000125203,0.839503786086,0.810653,0.342601409042,0.39882
491,-468625.423514,-84116.9166256,cassan_25_124_378.det.lc.gz,1.28249602593e-06,0.00025972,0.998312593972,0.943047,0.00335814665661,0.00461876
492,-21212.5645165,-21204.9679996,cassan_25_18_1884.det.lc.gz,9.32389744133e-08,0.00172715,5.06848854389,1.56993,1.60315224106e-05,0.69751
493,-434157.050534,-236307.511231,cassan_25_45_43.det.lc.gz,0.0075776294324,0.000517008,0.977871612635,0.824672,0.0134197560227,0.0126514
494,-31071423.8126,-13630143.9288,cassan_25_72_1847.det.lc.gz,0.000134316381362,0.0105026,1.22555565595,1.16916,0.186498534676,0.189559
495,-45547.3184383,-29618.5852639,cassan_26_101_2554.det.lc.gz,5.44445427353e-06,5.68943e-05,1.29358639418,0.810154,0.352860593239,0.281116
496,-156525.613303,-70414.3055374,cassan_26_102_1515.det.lc.gz,1.62336361472e-05,0.00192097,1.11157178532,1.16748,0.18832593487,0.192702
497,-362719.713686,-240309.934206,cassan_26_138_3284.det.lc.gz,6.29027183996e-05,0.0007933,0.964557535691,0.966014,0.0710610342582,0.0974025
498,-59255.4215398,-38915.8162833,cassan_26_23_73.det.lc.gz,2.05295474966e-08,0.00896251,1.01489291723,0.622723,0.0196922997767,0.00022012
499,-68732.220462,-42561.5293535,cassan_26_32_1939.det.lc.gz,3.30759176098e-05,0.00040421,0.974053832596,0.979687,0.0511062571455,0.0617756
500,-86599.9676004,-69064.3303489,cassan_26_34_2423.det.lc.gz,5.83605717813e-05,0.0791233,1.38607448306,1.16447,0.363063866738,0.232666
501,-29483.484791,-26455.5694783,cassan_26_6_2969.det.lc.gz,3.61368939555e-10,9.58398e-05,0.997301293152,0.887346,0.00531131392342,0.00404406
502,-19177.6045149,-19174.9089039,cassan_26_75_2224.det.lc.gz,2.41876192443e-07,0.000472256,1.00370578432,0.235094,0.00178224881438,0.00174218
503,-24283.4990634,-24279.1318155,cassan_26_76_1978.det.lc.gz,0.112779200524,1.81829e-05,6.41254070458,2.48521,3.15650238128,1.96176
504,-20829350.3466,-17873013.8906,cassan_26_76_865.det.lc.gz,0.0063465833348,0.000126314,0.652459107126,0.141262,0.867604125137,0.106912
505,-28310.8122146,-26128.9817704,cassan_26_84_742.det.lc.gz,9.49693112133e-09,0.0503843,1.00905894801,0.588947,0.0117200163374,0.052116
506,-1529022.60674,-1204021.95969,cassan_26_97_8.det.lc.gz,4.72527492212e-06,0.0222256,1.04006774959,1.05129,0.0775411804985,0.0308914
507,-19187.0625015,-19182.5762764,cassan_27_112_1691.det.lc.gz,8.52936286293e-07,0.000419711,2.53147516517,1.81923,0.00686832284226,0.00704527
508,-38747.3765594,-36155.3677542,cassan_27_151_2498.det.lc.gz,4.99362083438e-12,0.0388182,1.02923185881,0.880607,0.0434538619155,0.260092
509,-370326.052721,-132304.121519,cassan_27_30_1474.det.lc.gz,6.47687266229e-05,0.00205053,1.59192583444,0.621233,0.150239749807,0.166013
510,-976062.298472,-197938.949918,cassan_27_70_2542.det.lc.gz,0.000570412563116,0.00058591,0.861089020154,0.868236,0.174739945483,0.227175
511,-66103.0908824,-63927.2475173,cassan_28_113_306.det.lc.gz,1.82723471727e-09,0.0289869,0.205853185223,1.49049,1.59672441826e-05,0.572357
512,-60199.8332383,-57752.7861532,cassan_28_17_2322.det.lc.gz,9.42717237712e-15,0.000201169,0.998649510587,0.760706,0.0026260912614,0.00119483
513,-73898.9241991,-73851.527203,cassan_28_36_2302.det.lc.gz,7.50880279893e-05,0.0001095,1.04895193195,3.54496,0.0227567177062,0.53208
514,-238768.629543,-238485.990315,cassan_28_70_20.det.lc.gz,0.00247261249709,0.0321001,0.00116857689363,1.4247,2.82323784362,0.752251
515,-19286.6239623,-19276.8903752,cassan_29_113_1783.det.lc.gz,1.61020427834e-06,2.33348e-05,0.994327505305,0.964216,0.0112306063539,0.0109699
516,-199828.14385,-75811.9377444,cassan_29_124_287.det.lc.gz,0.0105770803583,7.16697e-05,1.05330379147,0.808818,0.103905373818,0.0371552
517,-91762.0362517,-27099.2606862,cassan_29_150_652.det.lc.gz,0.000357277286967,0.00358365,1.21234932378,0.839061,0.186941531144,0.186496
518,-101588.054745,-73932.3593822,cassan_29_31_717.det.lc.gz,9.02508070463e-06,0.00138814,1.09833331171,1.06668,0.0990938575778,0.0962546
519,-251649.534277,-156972.894448,cassan_29_57_100.det.lc.gz,0.224336024789,0.0061154,0.378711611755,1.2383,2.19243507348,0.133183
520,-34380.1282964,-30619.017607,cassan_29_6_265.det.lc.gz,4.67803186296e-07,0.00586829,1.16849128337,0.923865,0.268964102529,0.0546738
521,-706406.922625,-413538.363968,cassan_2_20_1698.det.lc.gz,1.23870057667e-05,0.0013995,0.983426393747,0.956387,0.0332460468735,0.0211051
522,-28090.4712195,-27533.4614006,cassan_2_83_2849.det.lc.gz,0.33907850406,2.18309e-06,0.237105667392,1.99416,3.5390690359,0.96276
523,-35645.134142,-35632.5236355,cassan_30_137_1550.det.lc.gz,16.4743675199,0.00191719,293628.628119,1.7622,4.60859386943,1.06429
524,-43070.4473544,-26383.1240324,cassan_30_59_106.det.lc.gz,5.58911669296e-07,0.000336672,1.0148925082,0.953381,0.0295301730343,0.0310464
525,-949395.506777,-432842.151381,cassan_30_60_1356.det.lc.gz,7.05054906209e-07,7.012e-05,1.00119120462,0.0123239,0.00113407572469,0.000631213
526,-145896.945608,-87620.6383948,cassan_30_71_3058.det.lc.gz,1.53347660839e-06,0.0143798,1.08896326332,0.835967,0.0551022718851,0.132025
527,-863341.502946,-607957.60233,cassan_30_73_2712.det.lc.gz,0.00882028495168,0.197462,3.56054156819,0.899187,2.62962372912,0.252928
528,-210889.19093,-210612.112945,cassan_31_102_2306.det.lc.gz,6.20818443355e-07,4.01917e-06,0.580811604094,0.675325,1.12842688443,0.141722
529,-49426.6598202,-45062.7016344,cassan_31_127_76.det.lc.gz,4.97592741802e-06,0.0824663,1.451160823,1.04971,0.292438001979,0.116102
530,-220573.718799,-45849.9174579,cassan_31_22_2542.det.lc.gz,1.43462242716e-06,5.52865e-05,0.984525508118,1.00498,0.0272337812695,0.0278385
531,-19244.7188357,-19223.249709,cassan_31_30_2926.det.lc.gz,0.0215334148776,0.00123737,0.704520763351,1.282,0.712484140418,0.855005
532,-80963.8037031,-54533.2702788,cassan_32_44_2057.det.lc.gz,0.000125076056829,0.000513746,1.185772282,1.21915,0.0201686139471,0.245475
533,-89383.0686175,-89383.068537,cassan_3_110_542.det.lc.gz,0.000368761412179,0.0272805,132.943784596,7.28435,0.0225997684371,2.30796
534,-93087.6122456,-69634.0307098,cassan_3_124_3246.det.lc.gz,1.13811770059e-07,0.00131675,1.00706726472,0.932538,0.00553361473103,0.0155729
535,-29034.3774128,-29029.039575,cassan_3_126_3248.det.lc.gz,8.27442716796e-08,0.000211743,0.743502536307,2.24239,0.553843284359,1.2116
536,-32507.6922495,-27492.8971771,cassan_32_82_1597.det.lc.gz,2.14465222672e-06,0.000385835,1.07392081168,1.0515,0.0721879269221,0.0615005
537,-353886.498333,-93397.7877462,cassan_33_110_2909.det.lc.gz,4.18908885221e-06,7.00217e-05,0.976143158664,0.975586,0.0449560276758,0.0478452
538,-438625.644335,-30726.1114009,cassan_33_111_2260.det.lc.gz,32729.9284015,3.75421e-05,71.8923289248,2.0319,0.365652939574,1.49553
539,-4163804.30994,-4142128.81107,cassan_33_123_2626.det.lc.gz,4.51127175941e-16,0.00459002,1.00044424919,1.86601,0.000181975923639,0.0322756
540,-39291.0823343,-37772.0483783,cassan_33_32_1459.det.lc.gz,0.10435291876,0.105692,0.800741303232,0.419566,0.346228577394,0.503348
541,-235289.993949,-165975.628999,cassan_33_57_2471.det.lc.gz,0.000146098492519,0.0222901,1.08731798763,2.76184,0.0759676180422,2.3223
542,-148922.273295,-59178.0011263,cassan_33_74_1688.det.lc.gz,7.26779474578e-05,0.000114934,0.920312005015,0.934212,0.0923409226155,0.0781655
543,-25692339.1524,-2493145.87694,cassan_33_99_597.det.lc.gz,0.000612141207331,0.00987441,1.13324184151,1.18411,0.240907794364,0.34889
544,-104792.83527,-43654.0722641,cassan_34_35_2386.det.lc.gz,2.19026596126e-05,0.00749028,1.03429828578,1.02839,0.044300350528,0.0732118
545,-628480.650728,-78750.5577348,cassan_34_58_836.det.lc.gz,1.32887135712e-07,0.214379,1.00995845114,0.213055,0.0196666064856,0.00634289
546,-36149.9194113,-28736.036885,cassan_34_73_2750.det.lc.gz,0.000157263982888,0.000209391,1.23520032573,1.23888,0.107329502889,0.109811
547,-598761938.632,-417179329.937,cassan_34_98_879.det.lc.gz,8.53636813739e-11,1.43338e-05,0.0525991328557,2.30156,17.7359287424,0.325435
548,-292220.833479,-283653.892002,cassan_35_19_1587.det.lc.gz,2.68413469025e-14,0.160606,1.00306873617,2.85183,0.0044679673166,1.05522
549,-73342.2272802,-56951.49638,cassan_35_19_429.det.lc.gz,2.11191996206e-05,0.000316018,0.942204416695,0.94349,0.0810217020018,0.07402
550,-19038.2563164,-19033.9419416,cassan_35_7_1005.det.lc.gz,4.38693982394e-08,4.23358e-05,1.18798415558,0.990195,0.343012813298,0.345738
551,-1906755.71923,-1536605.08971,cassan_35_7_2507.det.lc.gz,5.09650156263e-05,0.0942794,1.1013509348,2.63139,0.0892298358104,0.999013
552,-36122.8337613,-30673.4357546,cassan_35_96_306.det.lc.gz,3.88303788045e-07,0.00367245,1.08068259133,1.05049,0.0982681709773,0.117214
553,-603574.499473,-71118.5093831,cassan_36_125_2514.det.lc.gz,0.000259915268833,0.00194791,3.19209762015,1.91741,2.61841702418,1.22273
554,-41345.9274978,-26314.5937554,cassan_36_136_672.det.lc.gz,5.95898089362e-07,1.42983e-05,1.20452988661,1.2035,0.258160047471,0.263037
555,-70935.286274,-45183.4041715,cassan_36_17_751.det.lc.gz,2.52493077822e-06,0.00253887,1.57433153699,0.76206,0.924997880224,0.520566
556,-293447.228969,-222831.090041,cassan_36_35_1559.det.lc.gz,2.1385310087e-06,0.0499455,1.03359054665,0.823275,0.0347664987227,0.102062
557,-2080664.39629,-2080664.39628,cassan_36_43_2630.det.lc.gz,3.2366621768e-09,0.000653195,1.44176422587,0.784057,0.542219284848,0.168686
558,-19444.2041862,-19432.8974079,cassan_36_44_1377.det.lc.gz,1.29486595959e-09,6.04487e-06,0.984125129934,0.309329,0.00608623529773,0.00651759
559,-19337.7886724,-19324.5777388,cassan_36_47_2424.det.lc.gz,1.90156049704e-09,3.42612e-05,1.00602516257,0.574429,0.0119352238855,0.0119555
560,-28346829.3443,-28261683.5494,cassan_36_50_264.det.lc.gz,0.000417663526218,2.65398e-05,4.02979227274,5.7355,3.60896839663,0.176443
561,-19011.6412683,-18993.2859817,cassan_36_56_1183.det.lc.gz,1.48345558753e-06,2.49088e-05,1.00173906456,0.630991,0.00193426493444,0.00191295
562,-55401.2411085,-39449.3146021,cassan_36_69_540.det.lc.gz,1.13664497358e-05,0.000257591,1.12839742594,0.87191,0.148073349439,0.175317
563,-80558.3985144,-80538.2273713,cassan_36_7_406.det.lc.gz,2.30494986152,0.125487,24.5145378401,1.91951,2.2451036108,1.26608
564,-998213.841487,-998213.841487,cassan_36_83_188.det.lc.gz,0.0461812999063,7.87957e-06,1596.25125497,5.80608,0.829301192042,1.43573
565,-27131.6027153,-27128.9975531,cassan_36_83_70.det.lc.gz,21054.3252602,4.74597e-06,0.000155569166964,4.82024,2.16049561737,2.44865
566,-57348726.1097,-56302252.5933,cassan_37_101_1052.det.lc.gz,1.31979090311e-08,0.00151551,1.00890844003,1.83167,0.00185018103433,0.600848
567,-301350.569448,-128191.035219,cassan_37_127_3154.det.lc.gz,9.03946122296e-05,0.000465299,0.958785894356,0.967847,0.0645976665397,0.0681067
568,-206285.975316,-182497.554294,cassan_37_33_1752.det.lc.gz,3.05650652799e-05,0.000431017,0.98061662437,1.00202,0.0233948704125,0.0184067
569,-19628.0505403,-19511.1746825,cassan_37_58_1727.det.lc.gz,1.89766161336e-06,0.000186641,1.05279649486,0.62826,0.0829687730256,0.0833554
570,-19089.2114772,-19082.9060495,cassan_37_58_2185.det.lc.gz,2.72381166905e-08,9.30876e-07,0.971245769914,0.922493,0.0583017164674,0.0583119
571,-19187.6351933,-19178.8389744,cassan_38_61_2149.det.lc.gz,2.80599757606e-08,2.81516e-06,0.989570671318,0.0797559,0.0145014582061,0.0145574
572,-2798969.13172,-1399404.38366,cassan_38_85_133.det.lc.gz,0.000174269264923,0.000893691,1.1766620903,1.24247,0.112987938602,0.207849
573,-51417.1044198,-37861.46507,cassan_38_9_1390.det.lc.gz,1.41637578352e-06,0.00057152,0.997823562552,0.894005,0.00229052058671,0.00305986
574,-69906.446227,-40327.652679,cassan_39_102_178.det.lc.gz,1.64129046444e-05,3.85069e-05,0.920685784848,0.920772,0.105440852829,0.101287
575,-36313.6163395,-26591.4950472,cassan_39_110_2916.det.lc.gz,1.77394044769e-06,0.0772555,1.13433360401,1.01122,0.0839441704071,0.255841
576,-302533.364396,-211614.891557,cassan_39_126_2779.det.lc.gz,5.32822786768e-05,0.000273476,0.891366562453,0.906689,0.218346921823,0.183924
577,-77651.7972387,-68210.5180161,cassan_39_150_2624.det.lc.gz,4.68388068309e-05,0.00129044,0.987508253117,0.936241,0.01762163867,0.0186022
578,-62783.4219129,-62679.7514847,cassan_39_59_1125.det.lc.gz,0.0011637901132,0.042314,135.495725589,2.12569,3.29706755078,1.184
579,-956463.01559,-494684.864044,cassan_39_5_3120.det.lc.gz,0.00099035150866,0.0070439,1.42215141233,0.720622,0.360990564182,0.286151
580,-38434.5534197,-30581.5186612,cassan_39_96_871.det.lc.gz,1.32546347557e-06,0.00219424,1.10991733719,1.02452,0.205287803532,0.171127
581,-255756.514911,-253469.164825,cassan_3_58_3246.det.lc.gz,7.04826119053e-18,0.0037603,1.00063196675,1.73691,0.000350863957315,0.332462
582,-4220087.55226,-2637259.59291,cassan_3_60_3116.det.lc.gz,0.00035232109224,0.00255406,0.923296553045,1.38159,0.0387924605965,0.319094
583,-112065.942021,-103598.512251,cassan_3_70_278.det.lc.gz,9.12168698086e-05,0.0115067,0.334535991844,1.11587,2.65445283007,0.705883
584,-19565.5070346,-19541.0217818,cassan_40_126_2160.det.lc.gz,0.000157402481464,0.00128866,0.379501507689,1.97265,4.56208767077e-05,1.24293
585,-597541.378824,-279030.605284,cassan_40_150_1955.det.lc.gz,4.61861118202e-06,0.000382021,1.091438422,0.855408,0.0462491114367,0.155384
586,-34693.0821931,-30877.0337326,cassan_40_48_988.det.lc.gz,0.000280472133685,0.00215834,1.09287985362,0.96301,0.172285317139,0.0679314
587,-250267.432591,-36016.5138462,cassan_40_82_3059.det.lc.gz,6.01028754609e-06,0.000286606,0.986957313232,0.942742,0.0243921164934,0.0262912
588,-19842.2105165,-19834.9198236,cassan_40_84_702.det.lc.gz,1.12655137632e-05,0.000109713,0.981421910887,0.994423,0.0356639814335,0.0340558
589,-19306.8917718,-19300.0842409,cassan_41_30_303.det.lc.gz,1.42077726513e-09,0.00295167,0.38227282182,2.61079,2.22758085849,2.44493
590,-194742.179612,-32564.6555707,cassan_41_34_85.det.lc.gz,1.22526255706e-06,0.000294304,0.999220044735,0.926429,0.00139209393809,0.00222731
591,-143091.428335,-55702.8759707,cassan_41_35_2432.det.lc.gz,8.2360718132e-07,2.01602e-05,1.00116097445,0.822358,0.00115614514502,0.000754595
592,-24630.3633031,-24628.7369133,cassan_41_43_2079.det.lc.gz,1174.53161049,0.00015924,0.00013415499734,2.78383,1.80586048629,1.5617
593,-41069.130999,-40854.1016713,cassan_42_109_2161.det.lc.gz,1.51041676507e-11,0.0033178,1.55060073018,0.601627,1.17625638786e-05,0.831091
594,-823236.399036,-467187.898929,cassan_42_139_1658.det.lc.gz,0.00206083949804,0.00557384,0.940105064172,0.954927,0.0979714530555,0.140104
595,-30534.6682715,-27064.9799986,cassan_42_139_693.det.lc.gz,0.000139525229633,0.000506297,0.934011725005,0.948917,0.126537196738,0.0729843
596,-2409682.28898,-1480831.50079,cassan_42_23_3133.det.lc.gz,0.000880548668683,3.8775e-07,1.55351544061,5.93958,0.850049760602,0.730401
597,-95289.0642325,-83652.6309863,cassan_42_5_1994.det.lc.gz,6.12213580734e-15,0.0014764,1.00491381981,1.52416,0.00979996567657,0.85029
598,-150598.410983,-137677.033454,cassan_42_70_1531.det.lc.gz,7.25645481368e-07,0.0861325,0.997328302174,1.35237,0.00367041655152,0.0529164
599,-81783.6312828,-81262.5071906,cassan_42_76_3063.det.lc.gz,0.0140585926497,0.000106286,1.39367778841,2.69044,0.420794044696,0.69323
600,-16681256.3203,-7594316.89214,cassan_42_98_3008.det.lc.gz,0.000249781375457,0.00207213,1.32626816418,1.26157,0.539136887601,0.452441
601,-181836.965553,-131030.698989,cassan_42_98_3176.det.lc.gz,1.1898988824e-08,0.012026,1.00554329806,0.780124,0.00956212215906,0.0237901
602,-66357.6137616,-60037.9168766,cassan_43_101_2250.det.lc.gz,0.000201968698457,0.0123677,0.966162402119,0.910109,0.0418786922236,0.214093
603,-73526.7777666,-26637.0227921,cassan_43_69_216.det.lc.gz,1.59446200784e-05,4.8501e-05,1.29521825681,1.42604,0.521755652412,0.722778
604,-35438.997967,-27433.2929777,cassan_43_69_2249.det.lc.gz,0.000109159061217,0.00410526,1.18334166725,1.18721,0.0672196829813,0.0740835
605,-20566.6211542,-20428.6015158,cassan_43_87_923.det.lc.gz,2.50214393022e-07,3.37762e-05,10.7136363775,2.2371,7.37720385892e-06,1.68168
606,-35339266.444,-9635112.42482,cassan_44_112_451.det.lc.gz,0.00013424580205,0.000442383,0.934880142178,0.984026,0.078239879077,0.0405146
607,-285190.62576,-55593.3302966,cassan_44_113_412.det.lc.gz,1.63318198739e-05,0.00211765,1.14539642271,1.18531,0.176557670346,0.125631
608,-337327.223022,-112113.375499,cassan_44_115_1473.det.lc.gz,9.13530285317e-07,0.0012671,1.0525089248,0.888247,0.100243907478,0.211941
609,-125316.4972,-125030.479108,cassan_44_123_1678.det.lc.gz,2631.01294763,0.000445819,6450.19815529,2.9358,3.20270609744,2.05423
610,-152057.518533,-26428.6852432,cassan_44_125_1876.det.lc.gz,2.38587916649e-06,0.00471866,1.00946017102,0.606559,0.0140659983242,0.0140727
611,-124195.964756,-33344.7035447,cassan_44_31_1387.det.lc.gz,7.71551751613e-05,0.000443874,1.5692447252,1.61049,0.261126282899,0.276645
612,-1290856.88367,-842758.902194,cassan_44_43_501.det.lc.gz,5.08310690474e-05,0.000349381,0.99770033233,0.911466,0.000797305310784,0.00164491
613,-36965.1569145,-36935.6895426,cassan_44_46_2109.det.lc.gz,0.0432833170464,1.59016e-06,0.385632319671,12.0727,1.30932414123,1.38849
614,-520586.758397,-94997.3092802,cassan_44_48_2252.det.lc.gz,2.11548415969e-06,3.09468e-06,1.00077813907,0.0844532,0.00155305245724,0.000115871
615,-19831.7910011,-19824.5116552,cassan_44_4_1928.det.lc.gz,2.58147517358e-10,9.41693e-05,1.01172652438,1.4318,0.0211577775099,0.0210972
616,-95830.0718102,-39406.2194127,cassan_44_57_1157.det.lc.gz,2.82089831307e-06,3.35207e-05,0.951304939534,0.950135,0.0995636297626,0.105145
617,-29537.1902244,-29537.1902207,cassan_44_58_1139.det.lc.gz,0.0142420567094,0.000786952,848.213647206,3.22392,0.248150655195,2.90856
618,-19282.0818858,-19262.7613561,cassan_44_69_3312.det.lc.gz,5.86730998929e-07,2.65926e-05,0.998044309069,1.57946,0.00184443546366,0.00187665
619,-452181.860853,-429145.944386,cassan_44_70_459.det.lc.gz,1.61148039002e-16,0.0386203,1.0012818244,1.22676,0.0024805184729,0.0132051
620,-26421.4514171,-20698.9860557,cassan_44_85_2580.det.lc.gz,0.000103745743266,9.90632e-05,0.000271521968216,1.49827,0.946006755564,0.818812
621,-36644.7646356,-31949.0476122,cassan_45_23_1796.det.lc.gz,0.00895290707866,0.0118471,1.06553617759,1.61601,0.102840729318,0.101232
622,-69741.4295184,-33727.8433756,cassan_45_4_2088.det.lc.gz,8.84758975179e-06,0.000203497,1.01508190186,1.03809,0.0240187895241,0.0237612
623,-43738.5738382,-43731.2491995,cassan_45_71_1284.det.lc.gz,0.00413316104214,4.8495e-05,0.023376635403,7.5281,0.210692111448,1.21475
624,-178854.786259,-172624.189326,cassan_45_73_201.det.lc.gz,0.170268251506,8.76726e-06,0.433457433557,9.87046,1.87286752655,2.762
625,-163254.089481,-163213.1256,cassan_45_75_255.det.lc.gz,0.459215070716,0.0404668,34.9343344754,1.49822,3.83854111172,0.526575
626,-19263.2894871,-19258.4703017,cassan_45_82_498.det.lc.gz,1.83031988424e-10,9.32222e-05,1.01336681198,12.4508,0.0265447699763,0.0265771
627,-19205.6276571,-19188.5868106,cassan_45_86_1560.det.lc.gz,1.01171742469e-07,3.31675e-06,1.0010899189,0.919823,0.00153741331969,0.00154996
628,-1546533.87296,-46426.1308601,cassan_45_86_1889.det.lc.gz,0.000129762222313,4.09823e-05,1.80653443231,1.64423,1.25134678138,1.01341
629,-395737.512835,-169971.66161,cassan_45_97_2293.det.lc.gz,0.0115641452783,0.00596697,0.614940990913,0.665887,0.903433695674,0.635955
630,-19343.0594442,-19337.4542263,cassan_45_98_2763.det.lc.gz,4.88549487723e-09,2.1912e-06,0.968726322644,0.859467,0.0635080021941,0.063561
631,-19115.0561628,-19105.9814206,cassan_46_101_1302.det.lc.gz,6.83442944173e-07,5.73049e-05,7.33390130924,0.686019,0.847379710115,0.795019
632,-19107.2857068,-19083.9251421,cassan_46_150_1208.det.lc.gz,9.03645281745e-07,0.000304883,0.985166772957,3.44829,0.00256450943256,0.00265682
633,-48995.4135282,-40075.9948769,cassan_46_19_868.det.lc.gz,4.50588405238e-06,0.00936913,2.10794945166,1.45182,1.26462855833,0.363932
634,-60477.0699434,-48444.1596311,cassan_46_21_3327.det.lc.gz,3.81577361052e-06,0.000249321,0.985240796248,0.98765,0.0190376315758,0.0250965
635,-222669.205543,-222622.927376,cassan_46_58_1893.det.lc.gz,104.36199594,0.000118098,4880.27477762,2.17304,3.94961689594,1.38311
636,-29646.8422326,-29644.9309482,cassan_46_9_991.det.lc.gz,0.288532949896,0.0181277,0.142397384786,1.39568,3.43946423132,0.284638
637,-19415.7627232,-19395.4069928,cassan_47_110_306.det.lc.gz,8.44356024424e-06,0.00338802,0.991245716646,3.08488,0.00636986276546,0.00658482
638,-49820.3727239,-35101.0730806,cassan_47_56_2580.det.lc.gz,2.1909759318e-05,0.00045735,1.10399213181,1.10044,0.198144503807,0.151983
639,-58577.7628834,-30478.0870585,cassan_47_5_2294.det.lc.gz,6.18755890161e-06,1.94014e-05,0.924876423551,0.929407,0.0879922031381,0.0852302
640,-52259.4862595,-41379.2208211,cassan_47_6_580.det.lc.gz,1.66817505067e-07,0.00236112,1.01906906323,0.896082,0.016477663483,0.00123131
641,-19098.4666206,-19077.1943561,cassan_47_73_1036.det.lc.gz,7.77086296345e-08,2.03647e-06,0.982901734338,0.904029,0.0344608398725,0.0345182
642,-28643.2487735,-26470.2960652,cassan_47_75_2697.det.lc.gz,5.32453587955e-08,0.236853,1.01921602961,4.98681,0.0347036176608,0.0541661
643,-117211.363499,-86533.8105278,cassan_47_9_1263.det.lc.gz,4.51562783935e-06,0.00122419,1.19916575674,1.21659,0.135656605367,0.130774
644,-692649.031366,-683860.236578,cassan_48_151_657.det.lc.gz,9439.53836225,4.02842e-06,286.86873194,3.35821,0.425742476438,0.340279
645,-38222.3126549,-32995.5119326,cassan_48_36_268.det.lc.gz,1.03756412205e-05,0.0157655,1.47167303554,0.873514,0.781640981828,0.123148
646,-19054.1130859,-19049.5332654,cassan_48_44_2266.det.lc.gz,0.0523476746615,0.000181021,0.0652598729293,1.60231,0.00213910389789,0.00190938
647,-72356.2676072,-32108.4383066,cassan_48_49_2459.det.lc.gz,5.30902147957e-05,3.0195e-05,1.07658148053,1.09519,0.0182078471932,0.0183336
648,-19324.5487855,-19306.7755016,cassan_48_89_361.det.lc.gz,2.85288577117e-05,6.81727e-06,0.954433754511,1.05073,0.0741699385475,0.0731936
649,-28382.5138987,-28144.3106138,cassan_49_31_3130.det.lc.gz,1.26453753815e-12,0.00443422,0.999431750853,1.57238,0.000416423588135,0.399891
650,-55914.3602308,-33486.0588713,cassan_49_37_502.det.lc.gz,5.39567193597e-05,0.00407629,0.994874257855,0.75321,0.00148303026756,0.000208139
651,-14116441.3071,-3422908.85504,cassan_49_48_3016.det.lc.gz,0.00805276401553,7.13428e-06,0.941957778283,0.69149,0.119635713776,0.192553
652,-64746.0385391,-36863.1944858,cassan_49_49_746.det.lc.gz,1.18274778585e-06,9.42512e-05,1.00173393611,0.608561,0.00186797383047,0.0014382
653,-309885.979857,-94305.3396348,cassan_49_58_1836.det.lc.gz,0.00188863540973,0.0162255,0.982905462201,0.976957,0.0295612677616,0.0274025
654,-19166.7308648,-19145.1852033,cassan_4_138_1770.det.lc.gz,2.13697634918e-05,5.79918e-06,1.00231370012,0.837967,0.00318062059677,0.00325978
655,-58082.0588029,-41105.5273725,cassan_4_30_1294.det.lc.gz,0.000969829645517,0.00357301,1.18738058799,1.17323,0.140326539548,0.0528933
656,-142170.481353,-32182.1268041,cassan_4_61_3313.det.lc.gz,6.91430187045e-06,0.00174932,1.00377387806,1.60113,0.00738278868771,0.00498873
657,-2614000.43062,-2020421.23719,cassan_4_71_571.det.lc.gz,0.000347778713591,0.0497293,1.06005841388,0.869463,0.0587796695853,0.0476342
658,-125151.616206,-68848.4938274,cassan_50_102_468.det.lc.gz,5.30432109923e-05,0.000353765,0.950263516129,0.936353,0.0960414811202,0.109959
659,-93577.9165045,-27260.0618888,cassan_50_125_3144.det.lc.gz,3.0735520142e-06,0.000305195,0.99906290267,1.65934,0.00187505080074,0.00481761
660,-282955.808053,-140041.946665,cassan_50_125_916.det.lc.gz,6.66751870407e-06,0.000454593,1.00688876508,0.903279,0.0073770257919,0.010128
661,-261048.575128,-69998.5104342,cassan_50_30_384.det.lc.gz,0.00013130500644,0.000736794,1.35539825167,1.38702,0.470510861037,0.518157
662,-19034.8081337,-19021.830123,cassan_50_45_382.det.lc.gz,4.75014426134e-09,9.56619e-05,1.00174453337,1.86615,0.00296444886399,0.00286013
663,-35089.6270179,-31738.0136837,cassan_50_50_828.det.lc.gz,0.00888246096318,0.0378815,0.750046034601,0.439914,0.487977195019,0.68478
664,-34412.2282573,-26233.5382903,cassan_50_57_2951.det.lc.gz,3.02809873188e-08,6.08846e-05,0.985562346136,0.950167,0.0223245056974,0.0222149
665,-10682756.1667,-9914218.79084,cassan_50_62_529.det.lc.gz,0.000189579631329,0.000110529,3.10608176597,0.126714,2.50448033629,0.0306031
666,-157326.047538,-155914.037004,cassan_50_84_1935.det.lc.gz,0.378105953954,5.42448e-05,2.00920124864,4.07837,1.49245626284,2.33465
667,-116139.934627,-116086.949348,cassan_50_86_64.det.lc.gz,141.801048147,5.76772e-06,4480.91778531,3.23534,3.47142349018,0.901739
668,-94949.622791,-53564.4281122,cassan_50_8_1836.det.lc.gz,1.24196037412e-05,0.000304534,0.979787416674,0.999392,0.0405030293714,0.037685
669,-34189.8090607,-29219.3489659,cassan_51_48_2423.det.lc.gz,4.17199650274e-06,0.000481595,1.11579566897,1.12449,0.0206182428979,0.0260346
670,-3381662.43665,-3371772.37724,cassan_51_58_3072.det.lc.gz,0.04322409197,0.000880925,1.25093097637,2.73428,0.0507818681214,0.317178
671,-366824.627975,-219305.639372,cassan_51_63_3157.det.lc.gz,1.71990499007e-05,0.0779303,1.046142996,1.21499,0.0516029513079,0.123449
672,-19360.4133646,-19345.4952761,cassan_51_73_1071.det.lc.gz,1.72173816957e-07,0.0985316,0.990803487162,5.57558,0.0143249354667,0.0143046
673,-517040.513346,-120659.06619,cassan_51_75_2388.det.lc.gz,5.98853603342e-06,1.13197e-06,1.00103393586,0.330897,0.0020543952253,0.000823975
674,-290098.679577,-216599.750346,cassan_51_82_1591.det.lc.gz,2.76436154808e-06,0.00163901,1.03134384101,1.07673,0.0415200751001,0.0544703
675,-19307.7793286,-19302.4312567,cassan_5_123_2154.det.lc.gz,2.61973987636e-08,0.00225462,0.671310943282,0.373972,0.506152888004,0.481647
676,-38282.0436149,-26144.1476253,cassan_5_124_3192.det.lc.gz,8.14171641217e-06,0.000438566,1.07353327117,1.05173,0.0875089626362,0.101063
677,-122607.212368,-118145.501462,cassan_5_137_564.det.lc.gz,1.23453164504e-05,0.00165234,1.06598687742,1.79758,0.00150344690573,0.0519687
678,-1800266.05742,-1789847.10126,cassan_5_23_221.det.lc.gz,8.38926986962e-06,3.79573e-05,0.237467375253,6.07947,3.95340586701,2.0631
679,-29995.8831661,-27110.9649098,cassan_5_33_2746.det.lc.gz,6.49382545443e-06,5.30381e-05,0.952394281784,0.950273,0.0880185542195,0.0859298
680,-116188.480667,-45587.4873646,cassan_5_36_693.det.lc.gz,4.25527088154e-06,0.0117299,1.04590122607,0.603135,0.0648152644906,1.00122
681,-116676.264572,-32323.1261387,cassan_6_10_541.det.lc.gz,7.79408639798e-07,1.09799e-06,0.999199432727,0.640175,0.00160167331788,0.00289822
682,-99250.3359496,-61164.5624336,cassan_6_138_135.det.lc.gz,0.00042084953927,0.000297739,0.938785941465,0.931507,0.0412929525795,0.0351691
683,-19087.3337695,-19082.9913023,cassan_6_44_3077.det.lc.gz,2.25539037412e-09,2.14312e-05,0.991691757006,4.92758,0.0136011255062,0.0136013
684,-123544.072252,-82139.1038028,cassan_6_60_2443.det.lc.gz,9.45880142478e-05,0.000541392,0.93259618883,0.94354,0.139004405583,0.142516
685,-40637.1119394,-28953.2144052,cassan_7_114_1229.det.lc.gz,8.5615290097e-05,0.0032159,1.13835209902,0.871204,0.143766722186,0.184918
686,-255398.453757,-99036.5170866,cassan_7_136_1721.det.lc.gz,1.12344037634e-05,0.000614555,1.05740281874,1.44324,0.111453965047,0.747931
687,-50910.2919943,-50863.0554579,cassan_7_138_378.det.lc.gz,0.0638851763252,0.0249287,24635.1846703,1.94687,4.06867779822,0.682418
688,-19319.6331088,-19318.0067377,cassan_7_140_2645.det.lc.gz,5.90116510803e-10,1.09706e-06,0.989659619652,0.133129,0.0180352412826,0.0180699
689,-470726.684436,-470642.175215,cassan_7_47_1250.det.lc.gz,0.000976762204048,0.0108487,1.055244771,14.2342,0.105880537149,1.83136
690,-19037.6643568,-19017.0902878,cassan_7_50_503.det.lc.gz,0.0086983021265,0.00158309,1.09078683326,2.6139,0.167691422996,0.166964
691,-3409264.03405,-3354556.39045,cassan_7_50_803.det.lc.gz,0.000362919772068,1.02477e-06,1.76234032762,2.12919,1.15548549181,0.0660853
692,-46290.9320896,-38288.3670311,cassan_7_57_2763.det.lc.gz,8.90769980922e-08,0.000171389,1.12251042984,0.874127,0.201686129609,0.244636
693,-347528.253912,-35795.9229608,cassan_7_60_2009.det.lc.gz,1.62340532814e-07,0.00240359,1.0269870995,0.89965,0.0437429088728,0.0669608
694,-72963.5226269,-37451.1279118,cassan_7_6_922.det.lc.gz,4.48000468778e-17,0.00431268,1.00017807473,0.820822,0.000236932694742,0.00944853
695,-594107.530714,-263296.465089,cassan_7_70_2003.det.lc.gz,0.000140499590571,0.000294334,0.90601251149,0.903051,0.135941336928,0.126787
696,-84072.1737265,-45914.8382861,cassan_8_100_6.det.lc.gz,1.03506660994e-06,0.0159092,1.00782094125,1.83401,0.0155486792791,0.059074
697,-28050.7430204,-26664.0262574,cassan_8_136_2602.det.lc.gz,0.00017113511504,0.008312,1.02154835174,3.12904,0.000833211705747,2.7168
698,-19016.8039727,-19009.6386583,cassan_8_20_2460.det.lc.gz,9.60497480287e-07,6.04025e-06,0.996965906599,1.24638,0.000960177823029,0.00104249
699,-19243.0141315,-19238.4264991,cassan_8_35_1376.det.lc.gz,8.870396729e-08,1.43856e-06,1.00458322691,2.26453,0.00807044341331,0.00818646
700,-19213.8437181,-19192.4157233,cassan_8_48_2212.det.lc.gz,0.000459127339325,0.000106861,0.927684663331,2.66207,0.056979422813,2.28389
701,-532478.842388,-27141.2454124,cassan_8_73_167.det.lc.gz,5809.12477203,0.00011364,134.698017833,2.16866,0.276830039334,0.902282
702,-241481.165552,-238718.041566,cassan_8_83_259.det.lc.gz,0.00126682179271,0.0541787,1.14735931057,1.74949,0.264796650331,0.862564
703,-37159.2748398,-27653.0559375,cassan_9_17_514.det.lc.gz,3.29390142251e-05,0.000606952,1.21905902123,1.21748,0.0361218906182,0.0365229
704,-20732.4125071,-20718.3078072,cassan_9_45_2796.det.lc.gz,2.47238575772,1.39135e-05,1097127.37971,5.61238,2.78335401059,2.14706
705,-25250.1858944,-25246.318392,cassan_9_48_3277.det.lc.gz,0.0557957739037,5.96507e-05,0.000636081565062,9.98972,3.3013262914,2.77002
706,-282807.333184,-39841.2849659,cassan_9_6_3063.det.lc.gz,0.000169601487531,7.86355e-05,2.83404153367,1.75054,1.72410792916,0.681357
707,-33738.9838774,-28001.137089,cassan_9_71_1559.det.lc.gz,5.40973782623e-05,0.000889909,1.0623132189,1.03961,0.114028853868,0.118533
708,-593502.656284,-49784.7621313,cassan_9_82_407.det.lc.gz,1.16797044447e-06,9.66407e-05,1.00578391023,1.04325,0.00825918078285,0.00836813
709,-2647926.72132,-1913639.9511,cassan_9_85_2648.det.lc.gz,2.2117602776e-05,0.0375998,0.997899476853,1.27589,0.00323709560288,0.603763
710,-19498.4397191,-19498.4397179,cassan_9_88_2518.det.lc.gz,0.022535069072,5.56637e-05,0.00265320051946,14.4535,0.400779366651,2.90305
